,Date,Open,High,Low,Close,Adj Close,Volume
0,2015-08-19,2.76,3.2,2.76,3.08,3.08,126100
1,2015-08-20,2.96,3.44,2.96,3.0,3.0,42700
2,2015-08-21,3.0,3.48,3.0,3.28,3.28,18800
3,2015-08-24,3.36,3.36,3.04,3.32,3.32,27200
4,2015-08-25,3.44,3.44,3.2,3.2,3.2,15500
5,2015-08-26,3.32,3.32,3.12,3.12,3.12,10500
6,2015-08-27,3.32,3.48,3.0,3.28,3.28,24000
7,2015-08-28,3.32,3.4,3.0,3.0,3.0,31100
8,2015-08-31,3.28,3.28,3.04,3.12,3.12,16200
9,2015-09-01,3.04,3.36,2.88,3.32,3.32,50100
10,2015-09-02,3.32,3.52,3.24,3.28,3.28,57700
11,2015-09-03,3.24,3.44,3.24,3.28,3.28,5800
12,2015-09-04,3.16,3.6,3.08,3.48,3.48,17500
13,2015-09-08,3.2,3.76,3.2,3.72,3.72,33400
14,2015-09-09,3.76,3.8,3.4,3.72,3.72,14900
15,2015-09-10,3.72,4.16,3.2,4.04,4.04,43700
16,2015-09-11,3.8,4.0,3.64,3.8,3.8,11000
17,2015-09-14,3.96,4.0,3.48,3.76,3.76,24300
18,2015-09-15,3.72,4.12,3.64,3.96,3.96,38800
19,2015-09-16,3.96,4.08,3.76,4.0,4.0,18900
20,2015-09-17,3.96,3.96,3.76,3.92,3.92,1800
21,2015-09-18,3.76,4.76,3.72,4.28,4.28,30200
22,2015-09-21,4.36,4.44,4.0,4.16,4.16,18600
23,2015-09-22,4.28,4.64,4.12,4.56,4.56,40500
24,2015-09-23,4.36,4.52,4.16,4.44,4.44,14400
25,2015-09-24,4.6,4.6,4.12,4.28,4.28,13700
26,2015-09-25,4.4,4.48,4.0,4.0,4.0,22900
27,2015-09-28,4.08,4.2,3.6,3.76,3.76,75200
28,2015-09-29,3.84,4.16,3.64,3.64,3.64,1100
29,2015-09-30,3.72,4.12,3.28,3.88,3.88,6400
30,2015-10-01,3.72,4.16,3.52,3.96,3.96,6100
31,2015-10-02,3.72,3.96,3.68,3.96,3.96,9300
32,2015-10-05,3.72,3.96,3.68,3.88,3.88,8400
33,2015-10-06,3.88,4.2,3.88,4.2,4.2,7200
34,2015-10-07,4.04,4.4,4.04,4.28,4.28,18500
35,2015-10-08,4.12,4.52,4.12,4.4,4.4,12400
36,2015-10-09,4.2,4.32,3.96,4.2,4.2,6400
37,2015-10-12,4.0,4.04,3.6,3.76,3.76,30400
38,2015-10-13,3.72,4.32,3.72,3.96,3.96,4500
39,2015-10-14,4.0,4.04,3.92,3.92,3.92,5500
40,2015-10-15,4.0,4.0,3.84,3.88,3.88,2400
41,2015-10-16,3.84,4.0,3.84,4.0,4.0,1100
42,2015-10-19,4.2,4.48,3.64,4.0,4.0,59800
43,2015-10-20,3.8,4.4,3.76,4.36,4.36,17200
44,2015-10-21,4.16,4.24,4.08,4.2,4.2,3900
45,2015-10-22,4.24,4.32,4.16,4.28,4.28,300
46,2015-10-23,4.16,4.24,4.12,4.2,4.2,2200
47,2015-10-26,4.32,4.32,4.16,4.24,4.24,700
48,2015-10-27,4.08,4.2,4.04,4.04,4.04,4200
49,2015-10-28,4.28,4.6,4.2,4.28,4.28,13600
50,2015-10-29,4.44,4.56,4.2,4.4,4.4,4100
51,2015-10-30,4.48,4.6,4.28,4.28,4.28,13200
52,2015-11-02,4.4,4.6,4.36,4.44,4.44,21100
53,2015-11-03,4.56,4.72,4.48,4.56,4.56,12800
54,2015-11-04,4.48,4.48,4.4,4.4,4.4,1300
55,2015-11-05,4.32,4.4,3.88,4.36,4.36,7300
56,2015-11-06,4.16,4.36,4.04,4.2,4.2,3300
57,2015-11-09,4.08,4.08,4.0,4.04,4.04,3400
58,2015-11-10,4.16,4.4,4.04,4.08,4.08,4700
59,2015-11-11,4.2,4.36,4.12,4.24,4.24,2100
60,2015-11-12,4.44,5.28,4.4,4.96,4.96,56200
61,2015-11-13,5.12,5.12,4.52,4.76,4.76,15200
62,2015-11-16,4.6,4.8,4.48,4.56,4.56,9300
63,2015-11-17,4.56,5.08,4.56,4.88,4.88,7200
64,2015-11-18,4.72,4.96,4.64,4.64,4.64,9100
65,2015-11-19,5.2,5.2,4.64,5.0,5.0,22500
66,2015-11-20,5.0,5.16,4.76,4.76,4.76,14700
67,2015-11-23,4.92,5.2,4.84,5.12,5.12,17600
68,2015-11-24,4.84,5.12,4.8,5.0,5.0,15300
69,2015-11-25,5.0,5.12,4.92,5.04,5.04,5900
70,2015-11-27,5.16,5.2,5.0,5.16,5.16,5900
71,2015-11-30,5.12,5.2,4.88,5.2,5.2,8900
72,2015-12-01,5.2,5.72,5.16,5.68,5.68,44000
73,2015-12-02,5.6,6.08,5.6,5.88,5.88,73900
74,2015-12-03,5.88,6.0,5.6,5.84,5.84,13800
75,2015-12-04,5.8,5.8,5.08,5.36,5.36,28300
76,2015-12-07,5.56,5.56,5.04,5.16,5.16,14900
77,2015-12-08,5.04,5.36,4.84,5.12,5.12,7900
78,2015-12-09,5.04,5.24,4.8,5.04,5.04,31000
79,2015-12-10,5.2,5.4,5.0,5.36,5.36,8800
80,2015-12-11,5.36,5.4,4.8,5.08,5.08,12700
81,2015-12-14,5.2,5.52,5.16,5.52,5.52,10700
82,2015-12-15,5.4,5.52,5.08,5.08,5.08,8700
83,2015-12-16,5.2,5.48,5.12,5.16,5.16,7900
84,2015-12-17,5.4,5.4,5.08,5.28,5.28,29800
85,2015-12-18,5.4,5.4,5.04,5.28,5.28,19900
86,2015-12-21,5.0,5.2,4.8,4.8,4.8,10300
87,2015-12-22,4.6,4.96,3.84,4.04,4.04,86900
88,2015-12-23,4.36,4.64,3.8,3.8,3.8,38200
89,2015-12-24,3.8,4.0,3.8,3.88,3.88,21500
90,2015-12-28,3.96,4.08,3.76,3.8,3.8,67400
91,2015-12-29,3.76,3.84,3.68,3.72,3.72,29900
92,2015-12-30,3.72,4.12,3.48,3.56,3.56,39900
93,2015-12-31,3.76,4.04,3.52,4.04,4.04,30400
94,2016-01-04,3.72,4.0,3.6,3.72,3.72,29700
95,2016-01-05,3.72,4.04,3.72,3.88,3.88,4700
96,2016-01-06,4.0,4.04,3.72,3.76,3.76,16500
97,2016-01-07,3.88,3.88,3.64,3.68,3.68,4000
98,2016-01-08,3.76,3.8,3.6,3.8,3.8,6500
99,2016-01-11,3.92,3.92,3.6,3.64,3.64,23100
100,2016-01-12,3.8,4.0,3.48,3.56,3.56,9500
101,2016-01-13,3.56,3.6,3.36,3.48,3.48,5100
102,2016-01-14,3.28,3.48,3.04,3.28,3.28,22100
103,2016-01-15,3.16,3.16,2.88,3.0,3.0,11300
104,2016-01-19,2.96,3.32,2.84,3.28,3.28,14900
105,2016-01-20,3.28,3.6,3.2,3.4,3.4,19500
106,2016-01-21,3.44,3.44,3.24,3.32,3.32,7400
107,2016-01-22,3.48,3.64,3.44,3.48,3.48,8000
108,2016-01-25,3.32,3.72,3.28,3.56,3.56,900
109,2016-01-26,3.76,3.76,3.2,3.36,3.36,4900
110,2016-01-27,3.24,3.44,3.16,3.28,3.28,16100
111,2016-01-28,3.32,3.48,3.28,3.4,3.4,10900
112,2016-01-29,3.4,3.52,3.28,3.28,3.28,12000
113,2016-02-01,3.28,3.28,3.04,3.24,3.24,6900
114,2016-02-02,3.08,3.16,2.76,3.0,3.0,25300
115,2016-02-03,2.96,3.12,2.92,3.08,3.08,4000
116,2016-02-04,3.04,3.08,3.0,3.08,3.08,1200
117,2016-02-05,3.08,3.24,3.04,3.2,3.2,4100
118,2016-02-08,3.2,3.2,2.84,3.0,3.0,7200
119,2016-02-09,3.0,3.12,2.88,3.12,3.12,12800
120,2016-02-10,3.08,3.28,2.92,3.28,3.28,8400
121,2016-02-11,3.32,3.36,3.16,3.2,3.2,4700
122,2016-02-12,3.24,3.32,3.2,3.24,3.24,600
123,2016-02-16,3.32,3.32,3.16,3.2,3.2,3000
124,2016-02-17,3.24,3.28,3.2,3.28,3.28,7800
125,2016-02-18,3.16,3.28,2.84,3.28,3.28,13800
126,2016-02-19,3.16,3.28,3.04,3.12,3.12,10900
127,2016-02-22,3.12,3.12,2.92,2.92,2.92,9300
128,2016-02-23,2.96,3.2,2.92,3.12,3.12,9700
129,2016-02-24,3.2,3.2,3.0,3.16,3.16,3200
130,2016-02-25,3.08,3.12,3.08,3.08,3.08,800
131,2016-02-26,3.2,3.24,3.08,3.16,3.16,20000
132,2016-02-29,3.08,3.24,3.04,3.16,3.16,9600
133,2016-03-01,3.08,3.16,3.08,3.16,3.16,4000
134,2016-03-02,3.12,3.2,3.0,3.2,3.2,11800
135,2016-03-03,3.08,3.24,3.0,3.16,3.16,7500
136,2016-03-04,3.04,3.56,3.04,3.44,3.44,13000
137,2016-03-07,3.52,3.56,3.48,3.48,3.48,5400
138,2016-03-08,3.64,3.8,3.48,3.48,3.48,13200
139,2016-03-09,3.48,3.56,3.12,3.2,3.2,13400
140,2016-03-10,3.28,3.4,3.08,3.2,3.2,5000
141,2016-03-11,3.16,3.36,3.04,3.2,3.2,8100
142,2016-03-14,3.2,3.28,3.04,3.12,3.12,1600
143,2016-03-15,3.16,3.32,3.12,3.32,3.32,5200
144,2016-03-16,3.36,3.4,3.04,3.2,3.2,9700
145,2016-03-17,3.2,3.24,3.0,3.2,3.2,2300
146,2016-03-18,3.08,3.32,3.08,3.12,3.12,800
147,2016-03-21,3.04,3.24,3.0,3.24,3.24,1700
148,2016-03-22,3.2,3.24,3.0,3.24,3.24,1000
149,2016-03-23,3.28,3.28,2.6,2.88,2.88,39200
150,2016-03-24,3.08,3.08,2.92,3.04,3.04,2100
151,2016-03-28,3.0,3.0,2.8,2.88,2.88,2300
152,2016-03-29,2.92,2.96,2.76,2.76,2.76,3000
153,2016-03-30,2.8,3.0,2.8,2.96,2.96,4300
154,2016-03-31,2.84,2.88,2.84,2.88,2.88,2200
155,2016-04-01,2.8,2.8,2.48,2.76,2.76,49800
156,2016-04-04,2.6,2.8,2.6,2.76,2.76,2300
157,2016-04-05,2.72,2.72,2.56,2.64,2.64,9200
158,2016-04-06,2.56,2.64,2.4,2.6,2.6,18200
159,2016-04-07,2.48,2.6,2.48,2.6,2.6,3200
160,2016-04-08,2.6,2.72,2.52,2.72,2.72,3000
161,2016-04-11,2.8,3.24,2.8,3.08,3.08,25400
162,2016-04-12,3.0,3.0,2.68,2.72,2.72,2300
163,2016-04-13,2.8,2.84,2.64,2.8,2.8,39000
164,2016-04-14,2.84,3.16,2.84,2.96,2.96,2800
165,2016-04-15,3.04,3.32,2.48,3.12,3.12,57900
166,2016-04-18,3.0,3.24,3.0,3.08,3.08,1200
167,2016-04-19,3.28,3.36,3.16,3.36,3.36,6400
168,2016-04-20,3.28,3.4,3.16,3.36,3.36,4400
169,2016-04-21,3.4,3.48,3.24,3.4,3.4,8500
170,2016-04-22,3.44,3.48,3.28,3.28,3.28,600
171,2016-04-25,3.28,3.28,3.2,3.2,3.2,1000
172,2016-04-26,3.28,3.28,3.04,3.08,3.08,3200
173,2016-04-27,3.04,3.04,2.92,3.0,3.0,4300
174,2016-04-28,3.08,3.12,2.88,2.96,2.96,22300
175,2016-04-29,3.2,3.24,2.92,3.12,3.12,4200
176,2016-05-02,3.2,3.2,3.04,3.04,3.04,2700
177,2016-05-03,2.96,3.2,2.96,3.2,3.2,1700
178,2016-05-04,3.28,3.4,3.24,3.32,3.32,3400
179,2016-05-05,3.4,3.48,3.2,3.2,3.2,15600
180,2016-05-06,3.2,3.2,3.12,3.12,3.12,900
181,2016-05-09,3.12,3.16,3.12,3.16,3.16,600
182,2016-05-10,3.16,3.16,3.12,3.16,3.16,1600
183,2016-05-11,3.16,3.16,3.08,3.16,3.16,4600
184,2016-05-12,3.12,3.32,3.08,3.2,3.2,11100
185,2016-05-13,3.36,3.36,3.24,3.36,3.36,16900
186,2016-05-16,3.36,3.36,3.28,3.32,3.32,1100
187,2016-05-17,3.2,3.32,3.08,3.32,3.32,21600
188,2016-05-18,3.28,3.32,3.12,3.2,3.2,12600
189,2016-05-19,3.12,3.24,3.04,3.2,3.2,1200
190,2016-05-20,3.16,3.28,3.04,3.08,3.08,3000
191,2016-05-23,3.0,3.0,2.84,2.96,2.96,27900
192,2016-05-24,2.96,3.08,2.92,2.96,2.96,2300
193,2016-05-25,2.92,2.96,2.92,2.92,2.92,1200
194,2016-05-26,2.84,2.92,2.76,2.88,2.88,7900
195,2016-05-27,2.84,2.92,2.84,2.92,2.92,100
196,2016-05-31,2.92,3.08,2.92,3.08,3.08,23300
197,2016-06-01,3.0,3.2,2.92,2.92,2.92,600
198,2016-06-02,2.8,2.92,2.72,2.92,2.92,5400
199,2016-06-03,2.84,2.88,2.8,2.84,2.84,5700
200,2016-06-06,3.0,3.0,2.8,2.88,2.88,1000
201,2016-06-07,3.0,3.0,2.92,2.96,2.96,5600
202,2016-06-08,2.96,2.96,2.84,2.84,2.84,700
203,2016-06-09,2.92,2.96,2.68,2.72,2.72,5000
204,2016-06-10,2.8,2.8,2.6,2.64,2.64,8000
205,2016-06-13,2.64,2.8,2.6,2.8,2.8,4500
206,2016-06-14,2.64,2.8,2.64,2.8,2.8,200
207,2016-06-15,2.76,2.76,2.6,2.76,2.76,3100
208,2016-06-16,2.64,2.72,2.6,2.72,2.72,2500
209,2016-06-17,2.72,2.84,2.72,2.84,2.84,3000
210,2016-06-20,2.72,2.8,2.52,2.76,2.76,2700
211,2016-06-21,2.72,2.72,2.68,2.72,2.72,800
212,2016-06-22,2.48,2.72,2.48,2.72,2.72,7200
213,2016-06-23,2.72,2.72,2.44,2.64,2.64,6600
214,2016-06-24,2.64,2.68,2.4,2.56,2.56,10100
215,2016-06-27,2.48,2.72,2.32,2.32,2.32,6900
216,2016-06-28,2.6,2.72,2.32,2.6,2.6,19700
217,2016-06-29,2.8,3.2,2.44,2.6,2.6,86500
218,2016-06-30,2.6,2.64,2.4,2.4,2.4,27700
219,2016-07-01,2.52,2.6,2.2,2.6,2.6,20800
220,2016-07-05,2.44,2.6,2.4,2.56,2.56,2100
221,2016-07-06,2.64,2.76,2.4,2.56,2.56,34600
222,2016-07-07,2.6,2.6,2.52,2.56,2.56,4500
223,2016-07-08,2.6,2.6,2.4,2.56,2.56,15900
224,2016-07-11,2.56,2.72,2.32,2.6,2.6,39700
225,2016-07-12,2.52,2.6,2.52,2.6,2.6,1800
226,2016-07-13,2.72,3.12,2.64,2.8,2.8,30800
227,2016-07-14,2.8,3.12,2.64,2.8,2.8,26900
228,2016-07-15,2.84,3.72,2.84,3.28,3.28,152600
229,2016-07-18,3.6,3.8,2.8,3.16,3.16,42000
230,2016-07-19,3.08,3.52,3.0,3.2,3.2,8000
231,2016-07-20,3.28,3.48,3.28,3.44,3.44,15800
232,2016-07-21,3.36,3.48,2.96,3.32,3.32,15700
233,2016-07-22,3.4,3.4,3.16,3.16,3.16,3900
234,2016-07-25,3.24,3.24,3.24,3.24,3.24,100
235,2016-07-26,3.2,3.2,2.88,3.2,3.2,23600
236,2016-07-27,3.2,3.24,3.08,3.12,3.12,5300
237,2016-07-28,3.2,3.44,3.2,3.44,3.44,21200
238,2016-07-29,3.32,3.96,3.2,3.64,3.64,43600
239,2016-08-01,3.64,3.64,3.32,3.32,3.32,8500
240,2016-08-02,3.52,3.52,3.28,3.32,3.32,5200
241,2016-08-03,3.28,3.76,3.24,3.52,3.52,21900
242,2016-08-04,3.52,3.6,3.24,3.52,3.52,8300
243,2016-08-05,3.52,3.52,3.36,3.52,3.52,1700
244,2016-08-08,3.48,3.48,3.44,3.48,3.48,1600
245,2016-08-09,3.36,3.52,3.32,3.48,3.48,11300
246,2016-08-10,3.28,3.44,3.12,3.32,3.32,30000
247,2016-08-11,3.16,3.2,2.88,3.12,3.12,29700
248,2016-08-12,3.08,3.12,2.92,2.92,2.92,13100
249,2016-08-15,2.92,3.08,2.92,3.0,3.0,4000
250,2016-08-16,2.8,2.92,2.68,2.88,2.88,25000
251,2016-08-17,2.88,3.12,2.84,3.12,3.12,26500
252,2016-08-18,3.16,3.6,3.16,3.4,3.4,14000
253,2016-08-19,3.48,3.48,3.36,3.4,3.4,3800
254,2016-08-22,3.52,3.6,3.4,3.52,3.52,9300
255,2016-08-23,3.52,3.56,3.4,3.48,3.48,7600
256,2016-08-24,3.52,3.6,3.4,3.6,3.6,8300
257,2016-08-25,3.76,3.84,3.36,3.68,3.68,44900
258,2016-08-26,3.6,3.6,3.4,3.44,3.44,4200
259,2016-08-29,3.6,3.6,3.4,3.6,3.6,32700
260,2016-08-30,3.52,3.64,3.32,3.48,3.48,25300
261,2016-08-31,3.52,3.56,3.4,3.48,3.48,12800
262,2016-09-01,3.48,3.48,3.44,3.44,3.44,2700
263,2016-09-02,3.44,3.44,3.36,3.36,3.36,3900
264,2016-09-06,3.44,3.6,3.28,3.28,3.28,12600
265,2016-09-07,3.4,3.6,2.84,3.12,3.12,19500
266,2016-09-08,3.24,3.28,3.04,3.28,3.28,5400
267,2016-09-09,3.28,3.4,3.04,3.04,3.04,8300
268,2016-09-12,3.2,3.4,3.04,3.4,3.4,17200
269,2016-09-13,3.36,3.4,3.08,3.2,3.2,18000
270,2016-09-14,3.28,3.28,2.92,3.0,3.0,10300
271,2016-09-15,3.08,3.24,3.04,3.24,3.24,1600
272,2016-09-16,3.24,3.6,3.08,3.6,3.6,14400
273,2016-09-19,3.44,3.44,3.28,3.28,3.28,4700
274,2016-09-20,3.2,3.36,3.08,3.24,3.24,10600
275,2016-09-21,3.24,3.44,3.2,3.2,3.2,20200
276,2016-09-22,3.12,3.28,3.12,3.16,3.16,3900
277,2016-09-23,3.16,3.16,3.16,3.16,3.16,0
278,2016-09-26,3.16,3.24,3.12,3.24,3.24,300
279,2016-09-27,3.2,3.36,3.12,3.36,3.36,14400
280,2016-09-28,3.32,3.4,3.24,3.28,3.28,3400
281,2016-09-29,3.32,3.48,3.16,3.36,3.36,2200
282,2016-09-30,3.28,3.32,3.16,3.32,3.32,1400
283,2016-10-03,3.32,3.32,3.16,3.28,3.28,900
284,2016-10-04,3.2,3.24,3.16,3.24,3.24,3600
285,2016-10-05,3.16,3.32,3.12,3.24,3.24,2400
286,2016-10-06,3.16,3.36,3.16,3.36,3.36,2000
287,2016-10-07,3.28,3.32,3.2,3.32,3.32,700
288,2016-10-10,3.36,3.36,3.2,3.24,3.24,3900
289,2016-10-11,3.24,3.24,3.12,3.24,3.24,2700
290,2016-10-12,3.24,3.24,3.24,3.24,3.24,0
291,2016-10-13,3.16,3.2,3.12,3.2,3.2,2600
292,2016-10-14,3.16,3.2,3.12,3.2,3.2,1300
293,2016-10-17,3.12,3.2,3.0,3.12,3.12,11400
294,2016-10-18,3.0,3.16,3.0,3.04,3.04,3400
295,2016-10-19,3.12,3.12,2.96,2.96,2.96,5000
296,2016-10-20,3.0,3.0,2.96,2.96,2.96,2100
297,2016-10-21,3.0,3.0,2.92,2.96,2.96,600
298,2016-10-24,2.88,3.0,2.88,3.0,3.0,1500
299,2016-10-25,3.04,3.04,2.8,3.0,3.0,5800
300,2016-10-26,3.0,3.0,3.0,3.0,3.0,0
301,2016-10-27,2.88,3.04,2.88,3.0,3.0,1100
302,2016-10-28,3.0,3.0,2.96,3.0,3.0,300
303,2016-10-31,2.92,3.08,2.92,3.0,3.0,3300
304,2016-11-01,3.04,3.04,3.04,3.04,3.04,200
305,2016-11-02,3.0,3.0,2.96,3.0,3.0,300
306,2016-11-03,2.92,2.92,2.8,2.92,2.92,300
307,2016-11-04,2.92,3.0,2.92,2.92,2.92,3200
308,2016-11-07,3.08,3.08,2.32,2.8,2.8,9700
309,2016-11-08,2.84,2.84,2.6,2.68,2.68,8200
310,2016-11-09,2.6,2.72,2.6,2.72,2.72,600
311,2016-11-10,3.4,3.4,2.72,3.0,3.0,8000
312,2016-11-11,3.0,3.24,3.0,3.12,3.12,17900
313,2016-11-14,3.0,3.12,2.52,2.96,2.96,6600
314,2016-11-15,3.04,3.04,2.68,2.84,2.84,12700
315,2016-11-16,2.84,2.84,2.56,2.72,2.72,24000
316,2016-11-17,2.76,2.76,2.52,2.6,2.6,11100
317,2016-11-18,2.64,2.8,2.28,2.8,2.8,25100
318,2016-11-21,2.8,2.88,2.48,2.48,2.48,14400
319,2016-11-22,2.6,2.64,2.48,2.64,2.64,5900
320,2016-11-23,2.6,2.76,2.6,2.72,2.72,3800
321,2016-11-25,2.88,2.88,2.6,2.72,2.72,1300
322,2016-11-28,2.6,2.8,2.4,2.52,2.52,11600
323,2016-11-29,2.68,2.68,2.4,2.56,2.56,4300
324,2016-11-30,2.56,2.6,2.32,2.44,2.44,14700
325,2016-12-01,2.4,2.52,2.36,2.4,2.4,9200
326,2016-12-02,2.56,2.56,2.52,2.52,2.52,1200
327,2016-12-05,2.48,2.56,2.44,2.56,2.56,3800
328,2016-12-06,2.56,2.56,2.36,2.48,2.48,14900
329,2016-12-07,2.48,2.52,2.44,2.52,2.52,2900
330,2016-12-08,2.48,2.52,2.36,2.36,2.36,4400
331,2016-12-09,2.44,2.56,2.32,2.4,2.4,36400
332,2016-12-12,2.48,2.52,2.32,2.44,2.44,22200
333,2016-12-13,2.56,2.88,2.36,2.52,2.52,65000
334,2016-12-14,2.44,2.56,2.36,2.48,2.48,16600
335,2016-12-15,2.48,2.56,2.44,2.52,2.52,4100
336,2016-12-16,2.52,2.52,2.36,2.44,2.44,28100
337,2016-12-19,2.4,2.52,2.4,2.44,2.44,19600
338,2016-12-20,2.36,2.44,2.32,2.44,2.44,18100
339,2016-12-21,2.4,2.52,2.36,2.4,2.4,4600
340,2016-12-22,2.44,2.44,2.4,2.4,2.4,2900
341,2016-12-23,2.48,2.48,2.36,2.48,2.48,9100
342,2016-12-27,2.48,2.48,2.4,2.4,2.4,13200
343,2016-12-28,2.4,2.48,2.36,2.48,2.48,30400
344,2016-12-29,2.48,2.72,2.48,2.72,2.72,18800
345,2016-12-30,2.68,2.68,2.52,2.56,2.56,17500
346,2017-01-03,2.68,2.76,2.56,2.68,2.68,15300
347,2017-01-04,2.64,2.68,2.36,2.4,2.4,26900
348,2017-01-05,2.4,2.48,2.36,2.48,2.48,7500
349,2017-01-06,2.4,2.6,2.4,2.56,2.56,6700
350,2017-01-09,2.44,2.6,2.44,2.6,2.6,8300
351,2017-01-10,2.48,2.6,2.48,2.6,2.6,12300
352,2017-01-11,2.48,2.6,2.48,2.6,2.6,400
353,2017-01-12,2.48,2.6,2.36,2.6,2.6,26600
354,2017-01-13,2.56,2.6,2.48,2.6,2.6,5400
355,2017-01-17,2.6,2.64,2.4,2.56,2.56,4200
356,2017-01-18,2.6,2.84,2.36,2.56,2.56,51000
357,2017-01-19,2.48,2.6,2.08,2.4,2.4,70600
358,2017-01-20,2.36,2.6,2.08,2.16,2.16,133800
359,2017-01-23,2.24,2.36,2.0,2.12,2.12,52700
360,2017-01-24,2.08,2.2,1.92,2.0,2.0,81900
361,2017-01-25,2.0,2.04,1.92,2.0,2.0,91500
362,2017-01-26,1.92,2.04,1.84,2.0,2.0,56400
363,2017-01-27,1.92,2.04,1.92,1.96,1.96,27700
364,2017-01-30,1.92,2.08,1.8,1.92,1.92,44500
365,2017-01-31,2.0,2.0,1.96,2.0,2.0,15500
366,2017-02-01,2.0,2.04,1.88,2.0,2.0,9700
367,2017-02-02,2.0,2.0,1.88,2.0,2.0,18300
368,2017-02-03,1.92,1.96,1.88,1.88,1.88,7600
369,2017-02-06,1.96,2.0,1.96,2.0,2.0,14400
370,2017-02-07,2.08,2.12,2.0,2.12,2.12,26200
371,2017-02-08,2.08,2.16,1.92,2.04,2.04,26300
372,2017-02-09,2.0,2.08,1.92,1.96,1.96,26000
373,2017-02-10,2.0,2.0,1.96,2.0,2.0,26100
374,2017-02-13,1.96,2.04,1.96,2.04,2.04,8300
375,2017-02-14,2.04,2.04,1.92,1.96,1.96,6700
376,2017-02-15,2.0,2.0,1.76,1.96,1.96,25700
377,2017-02-16,1.96,1.96,1.88,1.92,1.92,10400
378,2017-02-17,1.88,1.92,1.8,1.92,1.92,6900
379,2017-02-21,1.92,1.92,1.8,1.8,1.8,30200
380,2017-02-22,1.8,1.88,1.76,1.88,1.88,18800
381,2017-02-23,1.88,1.92,1.88,1.88,1.88,9500
382,2017-02-24,1.92,1.96,1.88,1.96,1.96,16100
383,2017-02-27,1.96,2.0,1.92,2.0,2.0,4900
384,2017-02-28,2.0,2.0,1.96,1.96,1.96,10800
385,2017-03-01,2.0,2.0,1.96,2.0,2.0,5700
386,2017-03-02,2.04,2.04,1.96,2.0,2.0,3700
387,2017-03-03,1.96,2.0,1.84,1.92,1.92,6000
388,2017-03-06,2.0,2.0,1.84,1.92,1.92,8900
389,2017-03-07,1.84,1.92,1.68,1.88,1.88,16100
390,2017-03-08,1.84,1.88,1.8,1.88,1.88,5000
391,2017-03-09,1.88,1.92,1.84,1.92,1.92,3600
392,2017-03-10,1.88,1.96,1.88,1.88,1.88,1100
393,2017-03-13,1.88,2.0,1.84,1.92,1.92,13700
394,2017-03-14,1.92,2.0,1.92,2.0,2.0,500
395,2017-03-15,2.0,2.0,2.0,2.0,2.0,4700
396,2017-03-16,2.0,2.0,1.96,1.96,1.96,300
397,2017-03-17,2.0,2.0,1.96,1.96,1.96,12800
398,2017-03-20,1.96,2.0,1.96,2.0,2.0,3100
399,2017-03-21,1.96,2.0,1.88,1.92,1.92,4400
400,2017-03-22,1.84,1.92,1.4,1.68,1.68,25900
401,2017-03-23,1.6,1.84,1.48,1.84,1.84,30700
402,2017-03-24,1.88,1.88,1.56,1.68,1.68,47000
403,2017-03-27,1.64,1.64,1.4,1.56,1.56,62900
404,2017-03-28,1.52,1.68,1.52,1.64,1.64,34200
405,2017-03-29,1.56,1.64,1.48,1.52,1.52,14900
406,2017-03-30,1.48,1.56,1.36,1.44,1.44,52100
407,2017-03-31,1.44,1.6,1.28,1.56,1.56,43200
408,2017-04-03,1.4,1.56,1.4,1.48,1.48,52200
409,2017-04-04,1.56,1.56,1.48,1.52,1.52,8000
410,2017-04-05,1.48,1.56,1.48,1.52,1.52,2300
411,2017-04-06,1.48,1.52,1.4,1.52,1.52,14600
412,2017-04-07,1.44,1.44,1.32,1.44,1.44,31200
413,2017-04-10,1.44,1.44,1.44,1.44,1.44,1200
414,2017-04-11,1.52,1.52,1.28,1.36,1.36,17000
415,2017-04-12,1.36,1.36,1.24,1.36,1.36,26000
416,2017-04-13,1.36,1.36,1.24,1.36,1.36,8500
417,2017-04-17,1.4,1.4,1.24,1.24,1.24,42000
418,2017-04-18,1.6,1.76,1.48,1.56,1.56,90800
419,2017-04-19,1.56,1.56,1.44,1.44,1.44,12200
420,2017-04-20,1.44,1.52,1.4,1.4,1.4,18700
421,2017-04-21,1.48,1.52,1.32,1.52,1.52,12600
422,2017-04-24,1.48,1.48,1.36,1.4,1.4,11600
423,2017-04-25,1.44,1.48,1.36,1.44,1.44,15200
424,2017-04-26,1.44,1.52,1.44,1.52,1.52,11400
425,2017-04-27,1.48,1.56,1.48,1.52,1.52,14500
426,2017-04-28,1.44,1.52,1.32,1.48,1.48,10400
427,2017-05-01,1.36,1.48,1.32,1.44,1.44,7600
428,2017-05-02,1.4,1.44,1.32,1.4,1.4,16200
429,2017-05-03,1.4,1.4,1.36,1.4,1.4,11200
430,2017-05-04,1.28,1.36,1.28,1.36,1.36,4400
431,2017-05-05,1.4,1.4,1.28,1.36,1.36,2000
432,2017-05-08,1.36,1.68,1.36,1.56,1.56,66400
433,2017-05-09,1.6,1.72,1.6,1.72,1.72,24300
434,2017-05-10,1.68,1.76,1.6,1.64,1.64,12200
435,2017-05-11,1.64,1.68,1.4,1.56,1.56,8900
436,2017-05-12,1.48,1.56,1.48,1.56,1.56,5800
437,2017-05-15,1.52,1.6,1.36,1.56,1.56,17700
438,2017-05-16,1.52,1.56,1.48,1.52,1.52,33400
439,2017-05-17,1.52,1.52,1.48,1.48,1.48,4000
440,2017-05-18,1.52,1.52,1.48,1.48,1.48,38900
441,2017-05-19,1.48,1.52,1.48,1.52,1.52,12400
442,2017-05-22,1.52,1.52,1.44,1.52,1.52,9100
443,2017-05-23,1.44,1.56,1.44,1.56,1.56,2200
444,2017-05-24,1.56,1.56,1.48,1.52,1.52,19400
445,2017-05-25,1.48,1.56,1.4,1.44,1.44,11500
446,2017-05-26,1.44,1.48,1.32,1.44,1.44,19400
447,2017-05-30,1.4,1.44,1.32,1.36,1.36,21800
448,2017-05-31,1.36,1.4,1.24,1.36,1.36,22200
449,2017-06-01,1.28,1.52,1.24,1.4,1.4,27300
450,2017-06-02,1.52,1.56,1.28,1.56,1.56,60400
451,2017-06-05,1.56,1.56,1.44,1.56,1.56,7300
452,2017-06-06,1.48,1.52,1.44,1.48,1.48,2200
453,2017-06-07,1.56,1.56,1.44,1.52,1.52,11700
454,2017-06-08,1.44,1.44,1.12,1.28,1.28,89600
455,2017-06-09,1.36,1.36,1.2,1.36,1.36,22200
456,2017-06-12,1.32,1.36,1.2,1.2,1.2,20500
457,2017-06-13,1.24,1.32,1.2,1.28,1.28,7200
458,2017-06-14,1.24,1.28,1.24,1.28,1.28,6700
459,2017-06-15,1.16,1.28,1.04,1.12,1.12,19300
460,2017-06-16,1.12,1.28,1.12,1.12,1.12,10500
461,2017-06-19,1.2,1.2,1.04,1.08,1.08,14500
462,2017-06-20,1.12,1.16,1.04,1.12,1.12,15200
463,2017-06-21,1.12,1.12,1.0,1.08,1.08,35900
464,2017-06-22,1.16,1.36,1.12,1.24,1.24,51800
465,2017-06-23,1.2,1.28,1.16,1.24,1.24,25700
466,2017-06-26,1.16,1.32,1.16,1.2,1.2,7900
467,2017-06-27,1.32,1.44,1.28,1.32,1.32,35700
468,2017-06-28,1.36,1.36,1.2,1.28,1.28,9800
469,2017-06-29,1.2,1.4,1.2,1.36,1.36,21900
470,2017-06-30,1.36,1.36,1.28,1.28,1.28,12200
471,2017-07-03,1.2,1.24,1.12,1.24,1.24,2000
472,2017-07-05,1.2,1.36,1.2,1.32,1.32,13200
473,2017-07-06,1.24,1.48,1.24,1.32,1.32,21300
474,2017-07-07,1.4,1.48,1.2,1.36,1.36,27500
475,2017-07-10,1.36,1.44,1.36,1.44,1.44,4400
476,2017-07-11,1.44,1.48,1.28,1.4,1.4,4900
477,2017-07-12,1.4,1.44,1.2,1.24,1.24,33100
478,2017-07-13,1.28,1.36,1.28,1.36,1.36,63800
479,2017-07-14,1.24,1.4,1.2,1.36,1.36,10900
480,2017-07-17,1.36,1.4,1.28,1.36,1.36,500
481,2017-07-18,1.36,1.36,1.28,1.32,1.32,16100
482,2017-07-19,1.32,1.32,1.24,1.24,1.24,14000
483,2017-07-20,1.36,1.36,1.2,1.2,1.2,24600
484,2017-07-21,1.36,1.36,1.28,1.32,1.32,10000
485,2017-07-24,1.2,1.36,1.2,1.32,1.32,2800
486,2017-07-25,1.32,1.36,1.32,1.36,1.36,8100
487,2017-07-26,1.32,1.36,1.28,1.36,1.36,800
488,2017-07-27,1.36,1.36,1.28,1.32,1.32,1500
489,2017-07-28,1.4,1.4,1.28,1.36,1.36,2600
490,2017-07-31,1.32,1.36,1.28,1.36,1.36,300
491,2017-08-01,1.36,1.36,1.28,1.28,1.28,15500
492,2017-08-02,1.28,1.4,1.28,1.36,1.36,8800
493,2017-08-03,1.32,1.32,1.28,1.32,1.32,29600
494,2017-08-04,1.28,1.44,1.28,1.44,1.44,15000
495,2017-08-07,1.36,1.4,1.36,1.4,1.4,1800
496,2017-08-08,1.44,1.44,1.28,1.44,1.44,51300
497,2017-08-09,1.28,1.44,1.2,1.24,1.24,2100
498,2017-08-10,1.4,1.4,1.28,1.36,1.36,6400
499,2017-08-11,1.28,1.4,1.2,1.4,1.4,38600
500,2017-08-14,1.32,1.36,1.12,1.32,1.32,36500
501,2017-08-15,1.32,1.4,1.28,1.36,1.36,19300
502,2017-08-16,1.32,1.44,1.32,1.4,1.4,45700
503,2017-08-17,1.4,1.52,1.4,1.52,1.52,153600
504,2017-08-18,1.52,1.56,1.48,1.52,1.52,14700
505,2017-08-21,1.56,1.56,1.48,1.56,1.56,20500
506,2017-08-22,1.56,1.6,1.52,1.6,1.6,18000
507,2017-08-23,1.6,1.6,1.56,1.6,1.6,10500
508,2017-08-24,1.64,1.64,1.56,1.6,1.6,24200
509,2017-08-25,1.6,1.68,1.56,1.68,1.68,26100
510,2017-08-28,1.72,1.96,1.56,1.68,1.68,169200
511,2017-08-29,1.56,1.6,1.32,1.4,1.4,46600
512,2017-08-30,1.4,1.88,1.4,1.68,1.68,123700
513,2017-08-31,1.8,1.8,1.52,1.56,1.56,30300
514,2017-09-01,1.52,1.6,1.52,1.6,1.6,14800
515,2017-09-05,1.56,1.72,1.56,1.6,1.6,62700
516,2017-09-06,1.56,1.72,1.48,1.68,1.68,65900
517,2017-09-07,1.68,1.76,1.6,1.76,1.76,11900
518,2017-09-08,1.68,1.8,1.68,1.72,1.72,26900
519,2017-09-11,1.8,1.8,1.64,1.68,1.68,15300
520,2017-09-12,1.64,1.72,1.48,1.72,1.72,18800
521,2017-09-13,1.64,1.76,1.52,1.68,1.68,14600
522,2017-09-14,1.68,1.84,1.64,1.76,1.76,40700
523,2017-09-15,1.68,1.8,1.4,1.4,1.4,60800
524,2017-09-18,1.44,1.64,1.2,1.4,1.4,97700
525,2017-09-19,1.28,1.44,1.28,1.36,1.36,54100
526,2017-09-20,1.4,1.4,1.36,1.4,1.4,7400
527,2017-09-21,1.4,1.44,1.36,1.44,1.44,4200
528,2017-09-22,1.44,1.48,1.28,1.48,1.48,79000
529,2017-09-25,1.52,1.52,1.32,1.32,1.32,12500
530,2017-09-26,1.36,1.52,1.36,1.48,1.48,17800
531,2017-09-27,1.44,1.64,1.44,1.52,1.52,40000
532,2017-09-28,1.52,1.6,1.48,1.56,1.56,21200
533,2017-09-29,1.6,1.64,1.48,1.48,1.48,27000
534,2017-10-02,1.48,1.64,1.48,1.56,1.56,6000
535,2017-10-03,1.6,1.6,1.48,1.52,1.52,11400
536,2017-10-04,1.48,1.6,1.48,1.56,1.56,9000
537,2017-10-05,1.56,1.6,1.36,1.44,1.44,14800
538,2017-10-06,1.48,1.52,1.48,1.52,1.52,500
539,2017-10-09,1.56,1.6,1.48,1.48,1.48,18600
540,2017-10-10,1.44,1.52,1.44,1.44,1.44,5800
541,2017-10-11,1.48,1.52,1.44,1.44,1.44,5300
542,2017-10-12,1.48,1.52,1.44,1.44,1.44,1300
543,2017-10-13,1.48,1.48,1.44,1.44,1.44,800
544,2017-10-16,1.4,1.4,1.2,1.32,1.32,10300
545,2017-10-17,1.28,1.32,1.2,1.32,1.32,19100
546,2017-10-18,1.28,1.28,1.2,1.28,1.28,2900
547,2017-10-19,1.2,1.28,1.2,1.28,1.28,15000
548,2017-10-20,1.36,1.36,1.2,1.2,1.2,5600
549,2017-10-23,1.24,1.32,1.2,1.2,1.2,14300
550,2017-10-24,1.2,1.24,1.04,1.16,1.16,37100
551,2017-10-25,1.08,1.2,1.08,1.2,1.2,5100
552,2017-10-26,1.24,1.24,1.12,1.12,1.12,15100
553,2017-10-27,1.16,1.2,1.12,1.2,1.2,6000
554,2017-10-30,1.12,1.2,1.12,1.2,1.2,13400
555,2017-10-31,1.16,1.24,1.16,1.24,1.24,17000
556,2017-11-01,1.24,1.4,1.2,1.28,1.28,50500
557,2017-11-02,1.28,1.44,1.24,1.28,1.28,13800
558,2017-11-03,1.28,1.36,1.28,1.28,1.28,2700
559,2017-11-06,1.32,1.4,1.28,1.32,1.32,4800
560,2017-11-07,1.28,1.36,1.16,1.36,1.36,28000
561,2017-11-08,1.32,1.4,1.32,1.32,1.32,6600
562,2017-11-09,1.28,1.4,1.12,1.28,1.28,14600
563,2017-11-10,1.28,1.28,1.24,1.24,1.24,5000
564,2017-11-13,1.24,1.32,1.24,1.28,1.28,6300
565,2017-11-14,1.28,1.64,1.16,1.6,1.6,434800
566,2017-11-15,1.6,1.6,1.4,1.48,1.48,234300
567,2017-11-16,1.44,1.6,1.36,1.44,1.44,114300
568,2017-11-17,1.4,1.64,1.4,1.52,1.52,57800
569,2017-11-20,1.48,1.88,1.48,1.76,1.76,51200
570,2017-11-21,1.72,1.88,1.56,1.76,1.76,60000
571,2017-11-22,1.76,1.88,1.72,1.8,1.8,6600
572,2017-11-24,1.76,1.84,1.76,1.84,1.84,6400
573,2017-11-27,1.76,1.84,1.52,1.68,1.68,16800
574,2017-11-28,1.64,1.72,1.64,1.68,1.68,3900
575,2017-11-29,1.64,1.68,1.64,1.68,1.68,8600
576,2017-11-30,1.68,1.96,1.68,1.96,1.96,57100
577,2017-12-01,1.96,2.08,1.92,2.08,2.08,38600
578,2017-12-04,2.12,2.2,1.84,1.92,1.92,20700
579,2017-12-05,1.96,2.04,1.8,2.04,2.04,47200
580,2017-12-06,2.0,2.0,1.64,1.96,1.96,17700
581,2017-12-07,1.84,1.96,1.68,1.92,1.92,47600
582,2017-12-08,1.88,1.88,1.72,1.8,1.8,16700
583,2017-12-11,1.84,2.24,1.84,1.96,1.96,149700
584,2017-12-12,2.0,2.0,1.88,2.0,2.0,31800
585,2017-12-13,1.96,2.0,1.88,2.0,2.0,25800
586,2017-12-14,1.96,2.16,1.8,1.88,1.88,47000
587,2017-12-15,1.88,1.96,1.84,1.88,1.88,30800
588,2017-12-18,1.92,1.96,1.68,1.84,1.84,20700
589,2017-12-19,1.88,1.92,1.84,1.84,1.84,27500
590,2017-12-20,1.84,1.84,1.72,1.84,1.84,11800
591,2017-12-21,1.88,1.88,1.76,1.84,1.84,3700
592,2017-12-22,1.84,1.84,1.72,1.8,1.8,12700
593,2017-12-26,1.68,1.84,1.68,1.76,1.76,33700
594,2017-12-27,1.76,2.16,1.72,2.16,2.16,31600
595,2017-12-28,2.24,2.36,2.04,2.28,2.28,77400
596,2017-12-29,1.84,2.28,1.84,2.28,2.28,17100
597,2018-01-02,2.24,2.24,2.08,2.16,2.16,10200
598,2018-01-03,2.12,2.16,2.12,2.16,2.16,9700
599,2018-01-04,2.12,2.12,2.04,2.04,2.04,37100
600,2018-01-05,2.0,2.08,2.0,2.04,2.04,3200
601,2018-01-08,2.0,2.12,2.0,2.12,2.12,11600
602,2018-01-09,2.16,2.16,2.04,2.12,2.12,6300
603,2018-01-10,2.08,2.16,1.96,2.12,2.12,20900
604,2018-01-11,2.16,2.16,1.92,2.08,2.08,22700
605,2018-01-12,2.0,2.08,1.88,1.88,1.88,18300
606,2018-01-16,1.88,1.92,1.76,1.88,1.88,14800
607,2018-01-17,1.84,1.88,1.6,1.84,1.84,30300
608,2018-01-18,1.76,1.88,1.76,1.84,1.84,13800
609,2018-01-19,1.84,1.88,1.8,1.88,1.88,5300
610,2018-01-22,1.88,1.92,1.72,1.92,1.92,103400
611,2018-01-23,1.92,1.96,1.84,1.88,1.88,23300
612,2018-01-24,1.84,1.84,1.68,1.8,1.8,7800
613,2018-01-25,1.76,1.8,1.68,1.8,1.8,13200
614,2018-01-26,1.8,1.84,1.68,1.76,1.76,27300
615,2018-01-29,1.8,1.8,1.64,1.68,1.68,7200
616,2018-01-30,1.68,1.68,1.6,1.64,1.64,19200
617,2018-01-31,1.64,1.84,1.6,1.72,1.72,48900
618,2018-02-01,1.76,1.8,1.64,1.72,1.72,14500
619,2018-02-02,1.6,1.84,1.6,1.68,1.68,32100
620,2018-02-05,1.64,1.76,1.56,1.64,1.64,31500
621,2018-02-06,1.68,1.72,1.6,1.64,1.64,19000
622,2018-02-07,1.64,1.72,1.4,1.64,1.64,22200
623,2018-02-08,1.6,1.64,1.48,1.6,1.6,25500
624,2018-02-09,1.56,1.64,1.52,1.64,1.64,4500
625,2018-02-12,1.6,1.64,1.56,1.64,1.64,10700
626,2018-02-13,1.6,1.64,1.48,1.6,1.6,7900
627,2018-02-14,1.6,1.64,1.48,1.56,1.56,2300
628,2018-02-15,1.56,1.6,1.48,1.6,1.6,1400
629,2018-02-16,1.64,1.64,1.48,1.6,1.6,10300
630,2018-02-20,1.6,1.64,1.44,1.48,1.48,12800
631,2018-02-21,1.44,1.56,1.44,1.44,1.44,8900
632,2018-02-22,1.48,1.48,1.2,1.44,1.44,33200
633,2018-02-23,1.44,1.44,1.4,1.44,1.44,8500
634,2018-02-26,1.44,1.52,1.28,1.28,1.28,60100
635,2018-02-27,1.32,1.4,1.24,1.24,1.24,117100
636,2018-02-28,1.2,1.36,1.2,1.2,1.2,19100
637,2018-03-01,1.2,1.4,1.2,1.24,1.24,18200
638,2018-03-02,1.28,1.32,1.24,1.32,1.32,19600
639,2018-03-05,1.28,1.4,1.24,1.32,1.32,39200
640,2018-03-06,1.28,1.4,1.28,1.36,1.36,46900
641,2018-03-07,1.4,1.48,1.32,1.36,1.36,22500
642,2018-03-08,1.36,1.44,1.36,1.44,1.44,16100
643,2018-03-09,1.44,1.44,1.32,1.4,1.4,51300
644,2018-03-12,1.36,1.52,1.32,1.52,1.52,47300
645,2018-03-13,1.52,1.72,1.48,1.64,1.64,28700
646,2018-03-14,1.64,1.68,1.52,1.52,1.52,33400
647,2018-03-15,1.52,1.64,1.52,1.6,1.6,32900
648,2018-03-16,1.6,1.68,1.56,1.64,1.64,25800
649,2018-03-19,1.6,1.68,1.56,1.68,1.68,16800
650,2018-03-20,1.68,1.68,1.56,1.64,1.64,13300
651,2018-03-21,1.92,3.36,1.68,1.96,1.96,3235800
652,2018-03-22,1.76,1.92,1.64,1.76,1.76,222900
653,2018-03-23,1.72,1.8,1.52,1.8,1.8,123000
654,2018-03-26,1.84,2.2,1.8,2.08,2.08,141500
655,2018-03-27,2.76,2.76,1.88,2.04,2.04,243400
656,2018-03-28,2.04,2.2,1.88,2.04,2.04,61100
657,2018-03-29,2.12,2.12,1.92,2.0,2.0,26200
658,2018-04-02,1.88,2.04,1.72,1.96,1.96,50900
659,2018-04-03,1.96,2.04,1.92,1.96,1.96,20400
660,2018-04-04,1.96,2.04,1.8,1.96,1.96,34800
661,2018-04-05,1.96,2.0,1.76,1.96,1.96,47900
662,2018-04-06,1.88,1.96,1.88,1.96,1.96,8000
663,2018-04-09,1.92,2.0,1.68,1.76,1.76,59200
664,2018-04-10,1.8,2.0,1.8,1.88,1.88,41100
665,2018-04-11,1.84,1.96,1.68,1.96,1.96,50900
666,2018-04-12,1.6,1.64,1.52,1.52,1.52,657600
667,2018-04-13,1.6,1.68,1.52,1.56,1.56,160800
668,2018-04-16,1.56,1.64,1.48,1.48,1.48,128300
669,2018-04-17,1.56,1.6,1.48,1.56,1.56,119400
670,2018-04-18,1.56,1.64,1.52,1.56,1.56,85300
671,2018-04-19,1.64,1.64,1.56,1.6,1.6,24000
672,2018-04-20,1.64,1.68,1.48,1.68,1.68,79100
673,2018-04-23,1.68,1.68,1.52,1.6,1.6,78500
674,2018-04-24,1.64,1.68,1.52,1.6,1.6,103100
675,2018-04-25,1.6,1.64,1.52,1.64,1.64,56500
676,2018-04-26,1.6,1.64,1.52,1.52,1.52,71500
677,2018-04-27,1.56,1.56,1.52,1.56,1.56,3700
678,2018-04-30,1.52,1.64,1.52,1.6,1.6,31200
679,2018-05-01,1.6,1.68,1.52,1.64,1.64,38900
680,2018-05-02,1.6,1.72,1.6,1.68,1.68,42600
681,2018-05-03,1.68,1.72,1.6,1.68,1.68,40000
682,2018-05-04,1.72,1.72,1.64,1.72,1.72,29900
683,2018-05-07,1.68,1.72,1.64,1.68,1.68,7700
684,2018-05-08,1.68,1.68,1.56,1.68,1.68,9800
685,2018-05-09,1.68,1.68,1.6,1.68,1.68,20100
686,2018-05-10,1.64,1.68,1.6,1.68,1.68,32200
687,2018-05-11,1.68,2.0,1.68,1.88,1.88,199100
688,2018-05-14,1.88,2.16,1.88,1.92,1.92,195100
689,2018-05-15,2.0,2.24,1.88,2.2,2.2,353300
690,2018-05-16,2.2,2.48,2.2,2.28,2.28,347300
691,2018-05-17,2.24,2.6,2.12,2.6,2.6,168100
692,2018-05-18,2.56,2.88,2.52,2.88,2.88,362600
693,2018-05-21,2.88,2.88,2.6,2.76,2.76,70700
694,2018-05-22,3.0,3.0,2.76,2.84,2.84,63900
695,2018-05-23,2.88,3.12,2.72,2.96,2.96,280300
696,2018-05-24,3.04,3.04,2.8,2.96,2.96,88500
697,2018-05-25,2.96,3.2,2.76,2.84,2.84,162400
698,2018-05-29,2.72,2.8,2.48,2.6,2.6,140400
699,2018-05-30,2.68,2.72,2.6,2.6,2.6,120900
700,2018-05-31,2.48,2.64,2.48,2.6,2.6,47200
701,2018-06-01,2.72,2.72,2.48,2.6,2.6,54900
702,2018-06-04,2.56,2.6,2.48,2.52,2.52,20400
703,2018-06-05,2.6,2.76,2.56,2.6,2.6,30200
704,2018-06-06,2.6,2.72,2.52,2.52,2.52,66900
705,2018-06-07,2.48,2.92,2.48,2.72,2.72,269400
706,2018-06-08,2.72,2.88,2.36,2.64,2.64,208100
707,2018-06-11,2.68,2.92,2.64,2.88,2.88,81300
708,2018-06-12,2.8,2.84,2.6,2.76,2.76,41800
709,2018-06-13,2.8,2.96,2.72,2.84,2.84,120100
710,2018-06-14,2.8,2.96,2.8,2.96,2.96,19900
711,2018-06-15,2.92,3.12,2.76,3.12,3.12,89500
712,2018-06-18,3.04,3.12,2.84,3.12,3.12,56700
713,2018-06-19,3.24,3.24,2.8,2.8,2.8,207600
714,2018-06-20,2.84,3.12,2.84,3.0,3.0,26400
715,2018-06-21,3.0,3.0,2.88,2.96,2.96,49200
716,2018-06-22,2.84,3.08,2.84,3.0,3.0,34100
717,2018-06-25,2.96,3.04,2.88,3.0,3.0,38300
718,2018-06-26,2.96,3.12,2.96,3.0,3.0,110100
719,2018-06-27,3.12,3.12,2.96,3.0,3.0,101200
720,2018-06-28,3.0,3.16,2.84,3.0,3.0,34700
721,2018-06-29,3.0,3.0,2.88,2.96,2.96,74500
722,2018-07-02,3.0,3.0,2.8,2.92,2.92,34500
723,2018-07-03,2.92,2.92,2.6,2.84,2.84,42400
724,2018-07-05,2.92,3.12,2.68,2.96,2.96,63800
725,2018-07-06,3.04,3.04,2.72,3.0,3.0,74500
726,2018-07-09,3.0,3.36,3.0,3.2,3.2,97900
727,2018-07-10,3.24,3.32,3.12,3.2,3.2,72700
728,2018-07-11,3.12,3.12,2.72,2.88,2.88,264500
729,2018-07-12,3.0,3.04,2.8,2.92,2.92,67600
730,2018-07-13,2.92,3.0,2.8,2.96,2.96,37900
731,2018-07-16,2.92,3.0,2.72,2.84,2.84,92200
732,2018-07-17,2.8,2.88,2.76,2.8,2.8,13600
733,2018-07-18,2.8,3.04,2.8,3.04,3.04,40400
734,2018-07-19,3.04,3.28,2.92,3.24,3.24,91800
735,2018-07-20,3.32,3.4,3.16,3.24,3.24,63300
736,2018-07-23,3.2,3.52,3.12,3.48,3.48,75800
737,2018-07-24,3.48,3.52,3.28,3.4,3.4,63500
738,2018-07-25,3.4,3.48,3.36,3.4,3.4,61200
739,2018-07-26,3.4,3.48,3.4,3.4,3.4,103900
740,2018-07-27,3.44,3.48,3.36,3.4,3.4,25900
741,2018-07-30,3.44,3.48,3.4,3.44,3.44,19000
742,2018-07-31,3.44,3.44,3.28,3.32,3.32,26000
743,2018-08-01,3.36,3.72,3.36,3.56,3.56,103700
744,2018-08-02,3.52,3.68,3.48,3.6,3.6,81800
745,2018-08-03,3.68,3.68,3.48,3.48,3.48,45500
746,2018-08-06,3.56,3.56,3.32,3.44,3.44,105400
747,2018-08-07,3.44,3.52,3.4,3.52,3.52,19200
748,2018-08-08,3.52,3.52,3.36,3.4,3.4,27900
749,2018-08-09,3.28,3.48,3.28,3.4,3.4,60200
750,2018-08-10,3.28,3.52,3.28,3.4,3.4,39000
751,2018-08-13,3.44,3.44,3.2,3.2,3.2,49900
752,2018-08-14,3.6,3.6,2.84,3.28,3.28,212300
753,2018-08-15,3.28,3.76,3.12,3.64,3.64,317100
754,2018-08-16,3.68,4.0,3.6,3.96,3.96,747700
755,2018-08-17,3.92,4.32,3.84,4.2,4.2,553600
756,2018-08-20,4.36,4.68,4.24,4.64,4.64,357500
757,2018-08-21,4.6,4.72,4.32,4.48,4.48,218900
758,2018-08-22,4.6,4.64,4.32,4.56,4.56,260900
759,2018-08-23,4.6,4.6,4.44,4.56,4.56,72700
760,2018-08-24,4.6,4.92,4.56,4.72,4.72,269100
761,2018-08-27,4.76,4.88,4.6,4.72,4.72,145700
762,2018-08-28,4.64,5.2,4.56,5.04,5.04,377700
763,2018-08-29,5.12,5.44,4.92,5.08,5.08,420800
764,2018-08-30,5.12,5.36,4.92,5.08,5.08,283900
765,2018-08-31,5.12,5.32,5.04,5.08,5.08,114100
766,2018-09-04,5.12,5.64,5.12,5.48,5.48,304300
767,2018-09-05,5.52,6.04,5.48,6.04,6.04,455700
768,2018-09-06,6.12,6.44,5.88,6.32,6.32,564800
769,2018-09-07,6.4,6.68,6.2,6.48,6.48,558300
770,2018-09-10,6.56,6.64,5.96,6.36,6.36,453300
771,2018-09-11,6.4,6.68,5.84,6.44,6.44,519700
772,2018-09-12,6.56,7.2,6.48,7.2,7.2,858100
773,2018-09-13,7.24,7.28,6.64,7.08,7.08,366000
774,2018-09-14,7.12,7.2,6.72,6.8,6.8,218300
775,2018-09-17,6.8,6.88,6.04,6.08,6.08,406100
776,2018-09-18,6.12,6.52,6.12,6.24,6.24,179700
777,2018-09-19,6.24,6.4,5.88,6.08,6.08,294100
778,2018-09-20,6.68,6.96,6.4,6.92,6.92,399000
779,2018-09-21,7.0,7.56,6.76,7.48,7.48,437500
780,2018-09-24,7.48,7.56,7.08,7.44,7.44,186600
781,2018-09-25,7.48,7.64,7.08,7.12,7.12,161000
782,2018-09-26,7.12,7.24,6.8,6.84,6.84,103200
783,2018-09-27,6.8,6.88,6.52,6.64,6.64,186100
784,2018-09-28,6.64,6.96,6.6,6.64,6.64,173000
785,2018-10-01,7.2,7.4,6.12,6.28,6.28,479600
786,2018-10-02,6.28,6.4,6.0,6.36,6.36,465900
787,2018-10-03,6.4,6.96,6.36,6.88,6.88,289200
788,2018-10-04,6.92,7.0,6.68,6.76,6.76,114000
789,2018-10-05,6.72,6.92,6.44,6.6,6.6,108200
790,2018-10-08,6.48,6.56,6.28,6.32,6.32,115800
791,2018-10-09,6.32,6.4,5.44,6.2,6.2,221500
792,2018-10-10,6.2,6.4,5.84,6.12,6.12,240600
793,2018-10-11,6.12,6.8,6.12,6.48,6.48,274200
794,2018-10-12,6.68,7.0,6.28,6.56,6.56,175700
795,2018-10-15,6.56,7.32,6.48,7.0,7.0,263400
796,2018-10-16,7.2,7.24,6.8,7.16,7.16,243300
797,2018-10-17,7.2,7.4,7.0,7.16,7.16,198300
798,2018-10-18,7.08,7.12,6.84,6.92,6.92,188500
799,2018-10-19,6.84,6.96,5.24,5.48,5.48,599200
800,2018-10-22,5.56,6.08,5.12,5.32,5.32,249000
801,2018-10-23,5.24,5.92,4.6,5.28,5.28,444600
802,2018-10-24,5.8,5.84,4.36,4.96,4.96,863300
803,2018-10-25,5.2,5.52,5.0,5.16,5.16,294000
804,2018-10-26,5.08,5.76,4.72,5.6,5.6,364800
805,2018-10-29,5.64,5.72,5.04,5.2,5.2,242300
806,2018-10-30,5.2,5.32,5.0,5.2,5.2,104400
807,2018-10-31,5.24,5.4,5.0,5.08,5.08,130600
808,2018-11-01,5.16,5.32,5.0,5.2,5.2,65400
809,2018-11-02,5.24,5.52,5.12,5.24,5.24,89800
810,2018-11-05,5.2,5.6,5.12,5.4,5.4,68900
811,2018-11-06,5.44,5.8,5.32,5.56,5.56,53500
812,2018-11-07,5.56,6.0,5.44,5.96,5.96,136200
813,2018-11-08,5.84,6.2,5.72,5.96,5.96,131000
814,2018-11-09,6.0,6.12,5.64,5.84,5.84,114400
815,2018-11-12,5.84,5.92,5.24,5.48,5.48,154300
816,2018-11-13,5.44,5.64,5.0,5.16,5.16,106100
817,2018-11-14,5.64,6.0,4.84,5.2,5.2,149300
818,2018-11-15,5.08,5.32,4.96,5.2,5.2,91200
819,2018-11-16,5.08,5.48,5.04,5.32,5.32,146000
820,2018-11-19,5.36,5.56,5.04,5.24,5.24,74100
821,2018-11-20,5.12,5.76,5.0,5.64,5.64,98300
822,2018-11-21,5.56,5.88,5.36,5.64,5.64,68500
823,2018-11-23,5.6,6.0,5.6,5.84,5.84,41100
824,2018-11-26,5.88,6.0,5.72,5.92,5.92,87900
825,2018-11-27,5.84,5.92,5.68,5.8,5.8,49600
826,2018-11-28,5.8,6.08,5.52,5.8,5.8,141000
827,2018-11-29,5.88,6.2,5.68,6.16,6.16,100500
828,2018-11-30,6.16,6.2,5.96,6.04,6.04,105500
829,2018-12-03,6.08,6.2,5.8,6.0,6.0,88000
830,2018-12-04,6.32,6.4,5.88,6.28,6.28,196000
831,2018-12-06,6.16,6.44,6.04,6.04,6.04,100400
832,2018-12-07,6.08,6.28,5.88,5.88,5.88,48100
833,2018-12-10,5.96,5.96,5.6,5.72,5.72,107600
834,2018-12-11,5.8,6.0,5.72,5.84,5.84,85300
835,2018-12-12,5.92,6.0,5.6,5.92,5.92,119000
836,2018-12-13,5.92,6.12,5.76,5.84,5.84,39500
837,2018-12-14,5.88,6.12,5.52,5.72,5.72,50800
838,2018-12-17,5.72,5.88,5.44,5.56,5.56,159100
839,2018-12-18,5.6,5.64,5.28,5.44,5.44,164700
840,2018-12-19,5.4,5.56,5.0,5.16,5.16,282400
841,2018-12-20,5.08,5.12,4.6,5.0,5.0,510900
842,2018-12-21,5.08,5.08,4.48,4.68,4.68,252900
843,2018-12-24,4.64,4.8,4.52,4.64,4.64,19600
844,2018-12-26,4.68,5.08,4.36,4.92,4.92,285300
845,2018-12-27,4.88,5.16,4.6,4.92,4.92,57700
846,2018-12-28,4.96,5.52,4.96,5.4,5.4,29500
847,2018-12-31,5.2,5.68,5.2,5.48,5.48,49200
848,2019-01-02,5.44,5.92,5.44,5.8,5.8,63000
849,2019-01-03,5.88,6.12,5.6,5.84,5.84,134800
850,2019-01-04,5.88,6.44,5.84,6.32,6.32,237100
851,2019-01-07,6.4,6.6,6.2,6.56,6.56,110900
852,2019-01-08,6.6,7.0,6.44,6.76,6.76,238400
853,2019-01-09,6.84,7.2,6.64,6.76,6.76,357600
854,2019-01-10,6.64,6.88,6.36,6.6,6.6,87400
855,2019-01-11,6.56,6.84,6.52,6.84,6.84,167100
856,2019-01-14,7.2,8.0,7.0,7.96,7.96,895400
857,2019-01-15,8.0,8.12,7.4,7.88,7.88,377200
858,2019-01-16,7.92,8.68,7.76,8.08,8.08,489800
859,2019-01-17,8.04,8.44,8.0,8.16,8.16,150800
860,2019-01-18,8.56,8.56,7.92,8.08,8.08,219400
861,2019-01-22,8.12,8.52,7.8,8.0,8.0,276000
862,2019-01-23,8.04,8.04,7.4,7.8,7.8,146600
863,2019-01-24,7.76,7.92,7.16,7.24,7.24,220400
864,2019-01-25,7.24,7.88,7.2,7.44,7.44,239700
865,2019-01-28,7.24,7.52,6.72,6.96,6.96,214500
866,2019-01-29,6.76,7.24,6.6,6.92,6.92,215100
867,2019-01-30,6.84,8.0,6.76,7.56,7.56,244100
868,2019-01-31,7.56,7.8,7.28,7.52,7.52,117700
869,2019-02-01,7.64,8.36,7.6,8.0,8.0,270200
870,2019-02-04,8.0,8.2,7.64,7.96,7.96,90200
871,2019-02-05,8.04,8.12,7.72,7.84,7.84,33100
872,2019-02-06,7.8,8.04,7.72,7.76,7.76,31200
873,2019-02-07,7.72,7.76,7.32,7.48,7.48,83100
874,2019-02-08,7.4,7.6,7.2,7.36,7.36,52800
875,2019-02-11,7.24,7.68,7.24,7.36,7.36,47300
876,2019-02-12,7.48,8.0,7.44,7.84,7.84,104500
877,2019-02-13,7.8,8.0,7.76,7.8,7.8,46100
878,2019-02-14,7.84,8.56,7.68,8.16,8.16,193100
879,2019-02-15,8.0,8.4,7.84,8.2,8.2,81300
880,2019-02-19,8.28,8.36,8.12,8.2,8.2,62300
881,2019-02-20,8.2,8.32,8.04,8.2,8.2,57800
882,2019-02-21,8.2,8.24,7.88,8.0,8.0,84700
883,2019-02-22,7.92,8.32,7.92,8.12,8.12,73100
884,2019-02-25,8.2,8.28,7.88,8.12,8.12,59300
885,2019-02-26,8.16,9.04,8.08,8.96,8.96,385000
886,2019-02-27,9.0,9.2,8.6,8.92,8.92,269200
887,2019-02-28,8.84,9.4,8.68,8.88,8.88,211400
888,2019-03-01,9.2,9.32,8.4,8.84,8.84,185700
889,2019-03-04,8.92,8.96,8.52,8.76,8.76,83200
890,2019-03-05,8.8,9.52,8.52,9.12,9.12,152800
891,2019-03-06,9.16,9.52,8.72,8.96,8.96,134800
892,2019-03-07,8.88,8.96,8.44,8.44,8.44,174100
893,2019-03-08,8.24,8.48,7.92,8.32,8.32,101500
894,2019-03-11,8.16,8.44,8.04,8.32,8.32,393200
895,2019-03-12,8.44,9.16,8.44,8.76,8.76,687500
896,2019-03-13,8.96,9.2,8.68,8.96,8.96,308500
897,2019-03-14,8.92,9.0,8.6,8.8,8.8,317400
898,2019-03-15,8.88,8.96,8.56,8.92,8.92,346000
899,2019-03-18,8.96,9.08,8.84,9.0,9.0,228000
900,2019-03-19,9.08,9.08,8.56,8.76,8.76,285800
901,2019-03-20,8.68,8.96,8.6,8.76,8.76,143500
902,2019-03-21,8.88,8.88,8.56,8.6,8.6,202600
903,2019-03-22,8.6,8.64,8.12,8.6,8.6,437400
904,2019-03-25,8.52,8.6,8.36,8.44,8.44,243800
905,2019-03-26,8.4,9.0,8.32,8.76,8.76,378500
906,2019-03-27,9.0,9.04,8.6,9.04,9.04,477200
907,2019-03-28,8.72,9.12,7.28,8.24,8.24,3145700
908,2019-03-29,8.0,8.68,7.84,8.6,8.6,888300
909,2019-04-01,8.88,8.88,7.28,8.04,8.04,1044700
910,2019-04-02,8.04,8.08,7.8,7.96,7.96,681700
911,2019-04-03,7.92,7.92,7.56,7.76,7.76,607000
912,2019-04-04,7.8,8.12,7.64,8.0,8.0,297800
913,2019-04-05,8.0,8.08,7.8,8.0,8.0,259700
914,2019-04-08,8.0,8.0,7.8,8.0,8.0,270600
915,2019-04-09,8.0,8.0,8.0,8.0,8.0,0
916,2019-04-10,7.69,8.0,7.59,7.91,7.91,223800
917,2019-04-11,8.0,8.0,7.7,7.83,7.83,91400
918,2019-04-12,7.81,7.83,7.51,7.63,7.63,179700
919,2019-04-15,7.61,7.69,7.52,7.63,7.63,89800
920,2019-04-16,7.71,8.01,7.63,7.72,7.72,203600
921,2019-04-17,7.71,7.71,7.47,7.53,7.53,110400
922,2019-04-18,7.5,7.84,7.32,7.72,7.72,71700
923,2019-04-22,7.56,7.7,7.48,7.58,7.58,61600
924,2019-04-23,7.52,7.72,7.41,7.71,7.71,120300
925,2019-04-24,7.7,7.85,7.66,7.78,7.78,85900
926,2019-04-25,7.76,7.82,7.61,7.7,7.7,32200
927,2019-04-26,7.66,7.74,7.52,7.55,7.55,55900
928,2019-04-29,7.55,7.65,7.35,7.4,7.4,208100
929,2019-04-30,7.38,7.45,7.1,7.24,7.24,160200
930,2019-05-01,7.25,7.54,6.9,7.43,7.43,161200
931,2019-05-02,7.58,7.75,7.5,7.6,7.6,67000
932,2019-05-03,7.68,7.75,7.61,7.66,7.66,50800
933,2019-05-06,7.62,7.72,7.45,7.7,7.7,88700
934,2019-05-07,7.61,8.1,7.61,7.96,7.96,185100
935,2019-05-08,7.97,8.03,7.8,7.83,7.83,63100
936,2019-05-09,7.72,7.91,7.7,7.84,7.84,53800
937,2019-05-10,7.78,7.93,7.5,7.71,7.71,72500
938,2019-05-13,7.74,7.83,7.59,7.82,7.82,79400
939,2019-05-14,8.14,8.84,7.88,8.55,8.55,662900
940,2019-05-15,8.95,9.2,8.86,9.11,9.11,386700
941,2019-05-16,9.11,9.67,9.1,9.56,9.56,421000
942,2019-05-17,9.54,10.25,9.46,10.03,10.03,476700
943,2019-05-20,10.1,10.22,9.52,9.58,9.58,182900
944,2019-05-21,9.6,9.77,8.95,9.23,9.23,275600
945,2019-05-22,8.48,9.72,8.31,9.28,9.28,829900
946,2019-05-23,9.16,9.71,8.88,8.96,8.96,331900
947,2019-05-24,9.0,9.36,9.0,9.13,9.13,118400
948,2019-05-28,9.15,9.5,8.78,9.04,9.04,230100
949,2019-05-29,9.01,9.28,8.86,8.9,8.9,119600
950,2019-05-30,9.0,9.16,8.85,9.1,9.1,155400
951,2019-05-31,9.08,9.75,8.96,9.7,9.7,316400
952,2019-06-03,9.76,10.5,9.62,10.42,10.42,590200
953,2019-06-04,10.5,10.69,9.7,9.75,9.75,336300
954,2019-06-05,9.69,9.98,9.52,9.76,9.76,187000
955,2019-06-06,9.76,9.77,8.97,9.25,9.25,239400
956,2019-06-07,9.23,9.6,9.16,9.25,9.25,103000
957,2019-06-10,9.25,10.12,9.25,9.75,9.75,330600
958,2019-06-11,9.82,9.99,9.31,9.4,9.4,86400
959,2019-06-12,9.4,9.49,8.76,8.87,8.87,230900
960,2019-06-13,8.88,9.14,8.8,9.09,9.09,60000
961,2019-06-14,9.06,9.17,8.84,9.02,9.02,51600
962,2019-06-17,9.04,9.26,8.91,9.11,9.11,63000
963,2019-06-18,9.2,9.25,8.82,9.11,9.11,79700
964,2019-06-19,9.07,9.16,8.96,9.13,9.13,48100
965,2019-06-20,9.23,9.45,9.08,9.39,9.39,82300
966,2019-06-21,9.44,9.67,9.27,9.59,9.59,140800
967,2019-06-24,9.59,9.95,9.59,9.8,9.8,120200
968,2019-06-25,9.8,9.8,9.41,9.55,9.55,84200
969,2019-06-26,9.55,9.84,9.39,9.56,9.56,100900
970,2019-06-27,9.6,9.78,9.5,9.52,9.52,127200
971,2019-06-28,9.57,9.91,9.49,9.91,9.91,118800
972,2019-07-01,9.91,10.1,9.66,10.06,10.06,172000
973,2019-07-02,10.09,10.1,9.89,10.03,10.03,76300
974,2019-07-03,10.0,10.0,9.75,9.91,9.91,102900
975,2019-07-05,9.88,9.99,9.61,9.96,9.96,60800
976,2019-07-08,9.98,9.98,9.63,9.85,9.85,107200
977,2019-07-09,10.0,10.0,9.68,9.8,9.8,78900
978,2019-07-10,9.85,10.11,9.63,10.08,10.08,229100
979,2019-07-11,10.12,10.28,9.78,9.99,9.99,182700
980,2019-07-12,9.93,10.05,9.73,10.0,10.0,79500
981,2019-07-15,10.0,10.0,9.63,9.9,9.9,78600
982,2019-07-16,9.9,9.9,9.64,9.7,9.7,112800
983,2019-07-17,9.67,9.72,9.02,9.46,9.46,513100
984,2019-07-18,9.46,9.46,8.82,9.15,9.15,383500
985,2019-07-19,9.17,9.17,8.8,8.85,8.85,129200
986,2019-07-22,8.78,8.78,8.35,8.66,8.66,185500
987,2019-07-23,8.62,9.08,8.37,9.08,9.08,135300
988,2019-07-24,9.07,9.41,8.96,9.07,9.07,188700
989,2019-07-25,9.03,9.07,8.82,8.97,8.97,106600
990,2019-07-26,8.97,9.01,8.5,8.86,8.86,135500
991,2019-07-29,8.86,8.91,8.6,8.6,8.6,139600
992,2019-07-30,8.47,8.52,8.26,8.3,8.3,208800
993,2019-07-31,8.29,8.5,8.02,8.35,8.35,162300
994,2019-08-01,8.38,8.4,8.06,8.25,8.25,109400
995,2019-08-02,8.23,8.38,8.04,8.19,8.19,90500
996,2019-08-05,8.17,8.23,7.83,8.0,8.0,175500
997,2019-08-06,8.02,8.16,7.92,7.97,7.97,81200
998,2019-08-07,7.9,8.14,7.79,8.01,8.01,82200
999,2019-08-08,8.11,8.37,7.94,7.95,7.95,132800
1000,2019-08-09,7.93,8.3,7.92,8.2,8.2,283200
1001,2019-08-12,8.24,8.58,8.18,8.43,8.43,194200
1002,2019-08-13,8.43,8.9,8.43,8.65,8.65,237600
1003,2019-08-14,8.63,8.68,7.81,8.17,8.17,351900
1004,2019-08-15,8.45,8.45,7.61,7.68,7.68,260300
1005,2019-08-16,7.7,7.88,7.15,7.24,7.24,368200
1006,2019-08-19,7.22,7.24,6.16,6.47,6.47,866600
1007,2019-08-20,6.75,6.78,6.54,6.72,6.72,271200
1008,2019-08-21,6.75,6.95,6.28,6.42,6.42,329400
1009,2019-08-22,6.45,6.48,6.15,6.25,6.25,279300
1010,2019-08-23,6.2,6.27,5.44,5.79,5.79,1057800
1011,2019-08-26,6.69,7.2,6.28,6.83,6.83,696600
1012,2019-08-27,6.85,7.11,6.77,6.8,6.8,385600
1013,2019-08-28,6.76,7.0,6.71,6.89,6.89,239000
1014,2019-08-29,6.89,6.95,6.39,6.86,6.86,245300
1015,2019-08-30,6.89,6.97,6.64,6.77,6.77,108000
1016,2019-09-03,6.77,6.78,6.5,6.59,6.59,175200
1017,2019-09-04,6.64,6.84,6.59,6.71,6.71,116700
1018,2019-09-05,6.77,7.22,6.75,7.02,7.02,192100
1019,2019-09-06,7.01,7.01,6.63,6.67,6.67,129200
1020,2019-09-09,6.67,6.92,6.66,6.89,6.89,82900
1021,2019-09-10,6.91,7.48,6.78,7.38,7.38,277700
1022,2019-09-11,7.43,7.43,7.12,7.2,7.2,115900
1023,2019-09-12,7.19,7.72,6.99,7.64,7.64,299400
1024,2019-09-13,7.72,7.86,7.4,7.61,7.61,213300
1025,2019-09-16,7.6,7.85,7.57,7.8,7.8,196700
1026,2019-09-17,7.76,8.0,7.65,7.9,7.9,194400
1027,2019-09-18,7.9,7.94,7.52,7.7,7.7,136900
1028,2019-09-19,7.69,7.77,7.52,7.58,7.58,79300
1029,2019-09-20,7.59,7.75,7.35,7.75,7.75,173800
1030,2019-09-23,7.65,7.89,7.55,7.84,7.84,106600
1031,2019-09-24,7.84,7.91,7.5,7.9,7.9,121400
1032,2019-09-25,7.9,7.97,7.69,7.94,7.94,194300
1033,2019-09-26,7.88,7.94,7.61,7.81,7.81,121100
1034,2019-09-27,7.83,7.91,7.58,7.88,7.88,101300
1035,2019-09-30,7.85,7.98,7.68,7.9,7.9,84300
1036,2019-10-01,7.87,7.88,7.5,7.7,7.7,101700
1037,2019-10-02,7.63,7.82,7.51,7.8,7.8,170900
1038,2019-10-03,7.82,7.85,7.53,7.73,7.73,130700
1039,2019-10-04,7.69,7.85,7.62,7.85,7.85,66500
1040,2019-10-07,7.81,8.0,7.75,7.85,7.85,161400
1041,2019-10-08,7.78,7.8,7.53,7.76,7.76,87300
1042,2019-10-09,7.79,7.95,7.45,7.64,7.64,55600
1043,2019-10-10,7.67,7.87,7.55,7.85,7.85,89900
1044,2019-10-11,7.9,8.19,7.77,7.98,7.98,154500
1045,2019-10-14,8.04,8.04,7.72,7.85,7.85,61700
1046,2019-10-15,7.85,8.05,7.7,8.0,8.0,244900
1047,2019-10-16,8.04,8.16,7.95,8.0,8.0,129500
1048,2019-10-17,7.96,8.24,7.82,7.92,7.92,222500
1049,2019-10-18,7.91,7.94,7.55,7.81,7.81,71400
1050,2019-10-21,7.86,7.97,7.71,7.97,7.97,94000
1051,2019-10-22,7.98,8.1,7.78,8.07,8.07,80900
1052,2019-10-23,7.97,8.2,7.91,8.11,8.11,257700
1053,2019-10-24,8.07,8.2,8.01,8.16,8.16,121000
1054,2019-10-25,8.1,8.25,7.7,8.04,8.04,260900
1055,2019-10-28,8.07,8.25,8.0,8.0,8.0,128600
1056,2019-10-29,7.99,8.1,7.21,7.45,7.45,284300
1057,2019-10-30,7.39,7.39,6.68,6.83,6.83,291100
1058,2019-10-31,6.85,7.26,6.85,7.24,7.24,197500
1059,2019-11-01,7.3,7.47,7.12,7.44,7.44,95300
1060,2019-11-04,7.4,7.56,7.25,7.37,7.37,62500
1061,2019-11-05,7.29,7.5,7.25,7.43,7.43,54200
1062,2019-11-06,7.44,7.73,7.32,7.71,7.71,186300
1063,2019-11-07,7.7,7.8,7.32,7.38,7.38,75300
1064,2019-11-08,7.42,7.42,7.12,7.23,7.23,147500
1065,2019-11-11,7.27,7.36,6.88,6.9,6.9,136700
1066,2019-11-12,7.03,7.46,6.96,7.33,7.33,278500
1067,2019-11-13,7.34,7.34,7.0,7.09,7.09,116100
1068,2019-11-14,5.49,5.75,4.42,4.68,4.68,2107500
1069,2019-11-15,4.62,5.13,4.61,4.79,4.79,695300
1070,2019-11-18,4.75,4.84,4.45,4.59,4.59,502300
1071,2019-11-19,4.65,4.7,4.07,4.55,4.55,620500
1072,2019-11-20,4.54,4.79,4.47,4.51,4.51,203800
1073,2019-11-21,4.63,4.82,4.41,4.71,4.71,367400
1074,2019-11-22,4.77,4.87,4.71,4.85,4.85,112300
1075,2019-11-25,4.83,5.15,4.83,5.15,5.15,240400
1076,2019-11-26,5.14,5.41,5.14,5.32,5.32,223400
1077,2019-11-27,5.32,5.47,5.11,5.32,5.32,175700
1078,2019-11-29,5.28,5.51,5.28,5.43,5.43,88200
1079,2019-12-02,5.48,5.75,5.46,5.53,5.53,203700
1080,2019-12-03,5.5,5.53,5.31,5.43,5.43,129300
1081,2019-12-04,5.47,5.53,5.38,5.4,5.4,98600
1082,2019-12-05,5.43,5.49,5.26,5.29,5.29,127900
1083,2019-12-06,5.21,5.5,5.15,5.24,5.24,221300
1084,2019-12-09,5.24,5.28,5.05,5.07,5.07,131800
1085,2019-12-10,5.07,5.17,4.9,4.96,4.96,119800
1086,2019-12-11,5.03,5.14,4.86,5.03,5.03,144700
1087,2019-12-12,5.09,5.17,4.98,4.99,4.99,100300
1088,2019-12-13,5.0,5.07,4.91,5.01,5.01,107200
1089,2019-12-16,5.08,5.23,5.02,5.05,5.05,148200
1090,2019-12-17,5.07,5.39,5.0,5.33,5.33,142400
1091,2019-12-18,5.32,5.49,5.2,5.43,5.43,265500
1092,2019-12-19,5.48,5.48,5.3,5.34,5.34,234400
1093,2019-12-20,5.39,5.39,5.14,5.2,5.2,117700
1094,2019-12-23,5.25,5.31,5.09,5.14,5.14,98000
1095,2019-12-24,5.16,5.4,5.1,5.12,5.12,93900
1096,2019-12-26,5.2,5.28,5.08,5.15,5.15,194700
1097,2019-12-27,5.15,5.64,5.14,5.36,5.36,419200
1098,2019-12-30,5.34,5.99,5.33,5.84,5.84,402900
1099,2019-12-31,5.82,6.17,5.73,5.85,5.85,158400
1100,2020-01-02,6.0,6.3,5.96,6.24,6.24,187600
1101,2020-01-03,6.25,6.53,6.07,6.21,6.21,423500
1102,2020-01-06,6.21,6.59,6.18,6.42,6.42,341000
1103,2020-01-07,6.45,6.5,6.18,6.35,6.35,237100
1104,2020-01-08,6.34,6.45,5.88,6.04,6.04,262700
1105,2020-01-09,6.01,6.21,5.89,6.15,6.15,156900
1106,2020-01-10,6.17,6.46,6.06,6.38,6.38,160200
1107,2020-01-13,6.36,6.54,6.12,6.44,6.44,269300
1108,2020-01-14,6.47,6.52,6.25,6.31,6.31,138000
1109,2020-01-15,6.31,6.44,6.14,6.21,6.21,116700
1110,2020-01-16,6.28,6.49,6.19,6.44,6.44,194800
1111,2020-01-17,6.4,6.87,6.4,6.49,6.49,178000
1112,2020-01-21,6.65,6.88,6.5,6.81,6.81,239600
1113,2020-01-22,6.88,7.37,6.88,7.31,7.31,451900
1114,2020-01-23,7.35,7.49,7.05,7.26,7.26,247200
1115,2020-01-24,7.25,7.37,7.1,7.27,7.27,213200
1116,2020-01-27,7.08,7.25,6.75,7.08,7.08,159600
1117,2020-01-28,7.09,7.09,6.59,6.64,6.64,234800
1118,2020-01-29,6.66,6.68,6.32,6.5,6.5,181700
1119,2020-01-30,6.47,6.75,6.46,6.69,6.69,101400
1120,2020-01-31,6.71,6.71,6.3,6.5,6.5,136800
1121,2020-02-03,6.43,6.71,6.16,6.16,6.16,204400
1122,2020-02-04,6.14,6.25,5.91,5.96,5.96,135700
1123,2020-02-05,6.09,6.4,5.94,6.4,6.4,142500
1124,2020-02-06,6.42,6.65,6.3,6.59,6.59,109800
1125,2020-02-07,6.56,6.75,6.39,6.75,6.75,64900
1126,2020-02-10,6.68,6.76,6.28,6.5,6.5,233100
1127,2020-02-11,6.53,6.7,6.45,6.53,6.53,132000
1128,2020-02-12,6.58,6.94,6.5,6.9,6.9,98000
1129,2020-02-13,6.9,6.98,6.65,6.7,6.7,214700
1130,2020-02-14,6.7,6.81,6.25,6.33,6.33,159300
1131,2020-02-18,6.32,6.55,6.2,6.51,6.51,114100
1132,2020-02-19,6.54,6.71,6.39,6.61,6.61,198500
1133,2020-02-20,6.63,6.68,6.31,6.36,6.36,104300
1134,2020-02-21,6.34,6.4,6.15,6.36,6.36,83500
1135,2020-02-24,6.2,6.21,5.85,6.0,6.0,305300
1136,2020-02-25,6.04,6.15,5.52,5.67,5.67,100300
1137,2020-02-26,5.64,5.73,5.26,5.32,5.32,87300
1138,2020-02-27,5.25,5.33,4.79,5.01,5.01,199700
1139,2020-02-28,4.84,5.16,4.84,5.11,5.11,130600
1140,2020-03-02,5.16,5.27,4.95,5.04,5.04,162200
1141,2020-03-03,5.08,5.18,4.4,4.4,4.4,375700
1142,2020-03-04,4.5,4.81,4.5,4.71,4.71,226200
1143,2020-03-05,4.63,4.7,4.33,4.46,4.46,133100
1144,2020-03-06,4.31,4.5,4.08,4.21,4.21,246300
1145,2020-03-09,3.87,3.9,2.95,3.6,3.6,265800
1146,2020-03-10,3.82,3.95,3.57,3.82,3.82,136400
1147,2020-03-11,3.75,3.94,3.58,3.67,3.67,254800
1148,2020-03-12,3.47,3.5,3.16,3.33,3.33,232400
1149,2020-03-13,3.5,3.75,3.33,3.56,3.56,665800
1150,2020-03-16,3.1,3.37,3.1,3.21,3.21,151100
1151,2020-03-17,3.24,3.67,3.15,3.5,3.5,120300
1152,2020-03-18,3.28,3.51,3.04,3.5,3.5,197100
1153,2020-03-19,3.42,3.86,3.37,3.78,3.78,108600
1154,2020-03-20,3.8,4.0,3.4,3.47,3.47,141100
1155,2020-03-23,3.49,3.55,3.28,3.39,3.39,172000
1156,2020-03-24,3.53,3.73,3.27,3.64,3.64,167700
1157,2020-03-25,3.7,4.13,3.47,3.97,3.97,205300
1158,2020-03-26,3.84,4.42,3.75,4.05,4.05,610700
1159,2020-03-27,3.97,4.09,3.77,3.91,3.91,145500
1160,2020-03-30,3.86,4.01,3.76,4.0,4.0,351000
1161,2020-03-31,4.0,4.49,4.0,4.29,4.29,142800
1162,2020-04-01,4.14,4.14,3.9,3.97,3.97,87000
1163,2020-04-02,3.96,4.19,3.8,4.03,4.03,73800
1164,2020-04-03,4.07,4.19,3.95,4.1,4.1,40900
1165,2020-04-06,4.2,4.26,4.08,4.17,4.17,76100
1166,2020-04-07,4.31,4.98,4.23,4.56,4.56,308400
1167,2020-04-08,4.61,4.8,4.42,4.71,4.71,177700
1168,2020-04-09,4.8,5.31,4.73,5.0,5.0,643000
1169,2020-04-13,5.09,5.09,4.69,5.04,5.04,118900
1170,2020-04-14,5.11,5.38,4.9,5.0,5.0,182700
1171,2020-04-15,4.84,5.27,4.78,5.14,5.14,152800
1172,2020-04-16,5.1,5.25,4.91,5.05,5.05,149300
1173,2020-04-17,5.2,5.2,4.97,5.02,5.02,100900
1174,2020-04-20,5.0,5.17,4.78,4.82,4.82,92800
1175,2020-04-21,4.63,4.74,4.4,4.43,4.43,164600
1176,2020-04-22,4.65,4.65,4.26,4.37,4.37,64200
1177,2020-04-23,4.44,4.67,4.19,4.33,4.33,127600
1178,2020-04-24,4.4,4.51,4.18,4.26,4.26,53400
1179,2020-04-27,4.34,4.69,4.18,4.34,4.34,121600
1180,2020-04-28,4.45,4.52,4.24,4.28,4.28,74300
1181,2020-04-29,4.37,4.75,4.37,4.5,4.5,143300
1182,2020-04-30,4.5,4.5,4.12,4.23,4.23,103200
1183,2020-05-01,4.2,4.21,4.0,4.17,4.17,130100
1184,2020-05-04,4.01,4.04,3.92,3.99,3.99,221300
1185,2020-05-05,4.09,4.14,3.87,3.94,3.94,72200
1186,2020-05-06,3.98,4.13,3.61,3.61,3.61,108700
1187,2020-05-07,3.69,3.86,3.5,3.77,3.77,111900
1188,2020-05-08,3.86,4.36,3.77,4.28,4.28,181300
1189,2020-05-11,4.39,6.19,4.38,5.3,5.3,789000
1190,2020-05-12,5.26,6.07,5.1,5.98,5.98,394000
1191,2020-05-13,5.9,6.0,5.5,6.0,6.0,301100
1192,2020-05-14,5.9,6.1,5.55,5.93,5.93,126000
1193,2020-05-15,5.84,5.98,4.82,5.09,5.09,149700
1194,2020-05-18,5.28,5.7,5.28,5.59,5.59,60600
1195,2020-05-19,5.53,5.82,5.45,5.63,5.63,82600
1196,2020-05-20,5.7,5.9,5.63,5.74,5.74,77200
1197,2020-05-21,5.75,6.2,5.69,6.16,6.16,192600
1198,2020-05-22,6.03,6.21,6.03,6.2,6.2,87900
1199,2020-05-26,6.21,6.4,5.92,6.02,6.02,149200
1200,2020-05-27,6.15,6.15,5.91,6.0,6.0,86900
1201,2020-05-28,6.05,6.22,5.76,5.78,5.78,91600
1202,2020-05-29,5.76,6.28,5.68,6.2,6.2,169900
1203,2020-06-01,6.07,6.37,5.92,5.92,5.92,151100
1204,2020-06-02,5.94,6.1,5.85,5.94,5.94,62700
1205,2020-06-03,5.99,6.18,5.9,5.96,5.96,56900
1206,2020-06-04,5.96,6.12,5.82,6.1,6.1,34400
1207,2020-06-05,6.29,6.73,6.14,6.15,6.15,141300
1208,2020-06-08,6.33,6.64,6.33,6.45,6.45,87800
1209,2020-06-09,6.3,6.4,6.15,6.17,6.17,63200
1210,2020-06-10,6.2,6.42,6.01,6.23,6.23,79600
1211,2020-06-11,6.03,6.4,5.9,5.91,5.91,150300
1212,2020-06-12,6.05,6.06,5.63,5.76,5.76,96800
1213,2020-06-15,5.66,5.79,5.54,5.63,5.63,98300
1214,2020-06-16,5.82,6.03,5.53,5.61,5.61,156700
1215,2020-06-17,5.6,5.76,5.5,5.58,5.58,44500
1216,2020-06-18,5.54,5.81,5.52,5.74,5.74,57700
1217,2020-06-19,5.81,5.98,5.7,5.97,5.97,32300
1218,2020-06-22,5.9,5.95,5.68,5.76,5.76,27900
1219,2020-06-23,5.72,6.11,5.54,5.63,5.63,96900
1220,2020-06-24,5.62,5.62,5.28,5.41,5.41,51600
1221,2020-06-25,5.44,5.71,5.44,5.55,5.55,26200
1222,2020-06-26,5.49,5.55,5.29,5.32,5.32,71000
1223,2020-06-29,5.36,5.74,5.29,5.29,5.29,108700
1224,2020-06-30,5.27,5.62,4.85,5.46,5.46,30900
1225,2020-07-01,5.52,5.52,5.1,5.26,5.26,32800
1226,2020-07-02,5.28,5.71,5.2,5.66,5.66,53700
1227,2020-07-06,5.6,6.2,5.6,6.0,6.0,89500
1228,2020-07-07,5.95,6.16,5.94,5.99,5.99,105300
1229,2020-07-08,6.0,6.17,5.92,6.0,6.0,21300
1230,2020-07-09,5.96,6.09,5.89,6.09,6.09,25900
1231,2020-07-10,6.1,6.15,6.02,6.14,6.14,23500
1232,2020-07-13,6.11,6.43,6.11,6.29,6.29,43400
1233,2020-07-14,6.2,6.6,6.05,6.25,6.25,166900
1234,2020-07-15,6.34,6.4,6.12,6.22,6.22,88300
1235,2020-07-16,6.12,6.25,6.1,6.2,6.2,61800
1236,2020-07-17,6.28,6.4,6.08,6.3,6.3,145400
1237,2020-07-20,6.33,6.4,6.15,6.3,6.3,66600
1238,2020-07-21,6.38,6.59,6.37,6.52,6.52,102600
1239,2020-07-22,6.52,6.72,6.35,6.65,6.65,96700
1240,2020-07-23,6.7,6.94,6.67,6.67,6.67,58200
1241,2020-07-24,6.65,6.85,6.56,6.6,6.6,77200
1242,2020-07-27,6.61,7.02,6.53,6.98,6.98,51700
1243,2020-07-28,7.0,7.12,6.62,6.95,6.95,58800
1244,2020-07-29,6.87,7.21,6.86,6.9,6.9,78000
1245,2020-07-30,6.91,7.02,6.79,6.87,6.87,40300
1246,2020-07-31,6.83,6.9,6.65,6.76,6.76,63100
1247,2020-08-03,6.75,7.16,6.73,7.1,7.1,36000
1248,2020-08-04,7.0,7.19,6.96,7.1,7.1,58900
1249,2020-08-05,7.06,7.18,6.99,7.0,7.0,32400
1250,2020-08-06,6.91,6.91,6.62,6.66,6.66,39300
1251,2020-08-07,6.75,6.86,6.58,6.7,6.7,51100
1252,2020-08-10,5.56,6.57,5.56,6.46,6.46,102500
1253,2020-08-11,6.48,6.79,6.48,6.64,6.64,46500
1254,2020-08-12,6.74,6.78,6.6,6.75,6.75,32000
1255,2020-08-13,6.78,7.0,6.73,6.9,6.9,52400
1256,2020-08-14,6.95,7.05,6.95,7.04,7.04,38800
1257,2020-08-17,7.01,7.15,6.95,7.0,7.0,27300
1258,2020-08-18,6.99,7.06,6.97,6.97,6.97,16900
