,timestamp,open,high,low,close,adjusted_close,volume,dividend_amount,split_coefficient
0,2020-08-05,8.28,8.64,8.26,8.625,8.625,2028129,0.0,1.0
1,2020-08-04,8.11,8.22,7.98,8.205,8.205,2143479,0.0,1.0
2,2020-08-03,8.25,8.26,8.0,8.11,8.11,2895790,0.0,1.0
3,2020-07-31,7.95,7.99,7.66,7.96,7.96,4649254,0.0,1.0
4,2020-07-30,8.0,8.1,7.86,7.97,7.97,3106162,0.0,1.0
5,2020-07-29,8.2,8.24,8.035,8.185,8.185,2793305,0.0,1.0
6,2020-07-28,8.34,8.49,8.1,8.18,8.18,3839111,0.0,1.0
7,2020-07-27,8.01,8.38,7.8,8.335,8.335,5153748,0.0,1.0
8,2020-07-24,8.08,8.23,7.97,8.02,8.02,2392847,0.0,1.0
9,2020-07-23,8.0,8.23,7.94,8.14,8.14,4307795,0.0,1.0
10,2020-07-22,8.28,8.29,7.75,7.98,7.98,6200422,0.0,1.0
11,2020-07-21,7.22,7.695,7.18,7.595,7.595,4609750,0.0,1.0
12,2020-07-20,7.15,7.19,6.97,7.06,7.06,1884704,0.0,1.0
13,2020-07-17,7.46,7.5,7.1,7.17,7.17,1780300,0.0,1.0
14,2020-07-16,7.37,7.59,7.26,7.49,7.49,2628800,0.0,1.0
15,2020-07-15,7.14,7.47,7.02,7.41,7.41,2685900,0.0,1.0
16,2020-07-14,6.83,7.08,6.74,7.03,7.03,2193100,0.0,1.0
17,2020-07-13,7.07,7.14,6.76,6.84,6.84,2818700,0.0,1.0
18,2020-07-10,6.42,6.97,6.38,6.93,6.93,3122100,0.0,1.0
19,2020-07-09,6.86,6.89,6.42,6.47,6.47,3619600,0.0,1.0
20,2020-07-08,6.76,6.94,6.65,6.89,6.89,2426200,0.0,1.0
21,2020-07-07,7.15,7.17,6.77,6.78,6.785,2868900,0.0,1.0
22,2020-07-06,7.19,7.35,7.03,7.27,7.27,5133600,0.0,1.0
23,2020-07-02,7.12,7.27,6.86,6.9,6.9,2671000,0.0,1.0
24,2020-07-01,7.01,7.24,6.82,6.91,6.91,2224500,0.0,1.0
25,2020-06-30,7.16,7.34,7.01,7.03,7.03,3075200,0.0,1.0
26,2020-06-29,7.28,7.37,6.95,7.24,7.24,4635800,0.0,1.0
27,2020-06-26,7.26,7.36,6.78,6.98,6.98,27749821,0.0,1.0
28,2020-06-25,7.29,7.465,7.18,7.41,7.41,4468826,0.0,1.0
29,2020-06-24,7.5,7.58,7.17,7.275,7.275,4075492,0.0,1.0
30,2020-06-23,7.79,7.9,7.53,7.6,7.6,4340472,0.0,1.0
31,2020-06-22,7.65,7.85,7.63,7.68,7.68,4045368,0.0,1.0
32,2020-06-19,8.22,8.23,7.66,7.78,7.78,9397587,0.0,1.0
33,2020-06-18,7.79,8.15,7.71,8.05,8.05,2708761,0.0,1.0
34,2020-06-17,8.08,8.12,7.85,7.92,7.92,3338071,0.0,1.0
35,2020-06-16,8.45,8.45,7.93,8.09,8.09,2197100,0.0,1.0
36,2020-06-15,7.33,8.2,7.21,8.015,8.015,3210191,0.0,1.0
37,2020-06-12,7.92,7.985,7.42,7.75,7.75,2259808,0.0,1.0
38,2020-06-11,7.51,7.8,7.2,7.44,7.44,4322257,0.0,1.0
39,2020-06-10,8.61,8.67,8.0,8.005,8.005,2704216,0.0,1.0
40,2020-06-09,8.87,8.97,8.255,8.7,8.7,2869075,0.0,1.0
41,2020-06-08,9.08,9.34,9.052,9.2,9.2,3574921,0.0,1.0
42,2020-06-05,8.93,9.25,8.655,8.815,8.815,3782679,0.0,1.0
43,2020-06-04,8.0,8.26,7.81,8.22,8.22,3196156,0.16,1.0
44,2020-06-03,8.0,8.27,7.95,8.19,8.0336,5109418,0.0,1.0
45,2020-06-02,7.72,8.09,7.72,7.86,7.7099,2679188,0.0,1.0
46,2020-06-01,7.47,7.915,7.365,7.67,7.5236,2299441,0.0,1.0
47,2020-05-29,7.51,7.65,7.35,7.44,7.2979,2304616,0.0,1.0
48,2020-05-28,7.89,7.89,7.49,7.69,7.5432,1505493,0.0,1.0
49,2020-05-27,7.62,7.78,7.425,7.75,7.602,3212471,0.0,1.0
50,2020-05-26,7.34,7.5,7.23,7.31,7.1704,3037863,0.0,1.0
51,2020-05-22,7.24,7.3,6.93,6.97,6.8369,1581106,0.0,1.0
52,2020-05-21,7.0,7.24,7.0,7.18,7.0429,2096319,0.0,1.0
53,2020-05-20,6.96,7.27,6.91,7.1,6.9644,2136712,0.0,1.0
54,2020-05-19,7.22,7.32,6.87,6.87,6.7388,2508734,0.0,1.0
55,2020-05-18,6.95,7.37,6.95,7.3,7.1606,2631346,0.0,1.0
56,2020-05-15,6.77,6.93,6.58,6.68,6.5525,1374627,0.0,1.0
57,2020-05-14,6.2,7.05,6.145,6.81,6.68,2237828,0.0,1.0
58,2020-05-13,6.93,7.04,6.32,6.425,6.3023,1809053,0.0,1.0
59,2020-05-12,7.44,7.62,7.02,7.04,6.9056,1810501,0.0,1.0
60,2020-05-11,7.6,7.63,7.325,7.35,7.2097,2529687,0.0,1.0
61,2020-05-08,7.75,7.88,7.555,7.77,7.6216,1435859,0.0,1.0
62,2020-05-07,7.11,7.73,7.11,7.54,7.396,1838751,0.0,1.0
63,2020-05-06,7.34,7.395,6.965,6.99,6.8565,3583821,0.0,1.0
64,2020-05-05,7.39,7.675,7.14,7.19,7.0527,3129008,0.0,1.0
65,2020-05-04,6.91,7.29,6.67,7.22,7.0821,2617803,0.0,1.0
66,2020-05-01,7.35,7.42,6.92,7.025,6.8909,2872661,0.0,1.0
67,2020-04-30,7.99,8.0,7.48,7.62,7.4745,2311348,0.0,1.0
68,2020-04-29,7.77,8.44,7.77,8.23,8.0729,2891888,0.0,1.0
69,2020-04-28,7.61,7.85,7.115,7.48,7.3372,3288374,0.0,1.0
70,2020-04-27,7.04,7.46,6.855,7.38,7.2391,3127981,0.0,1.0
71,2020-04-24,6.71,7.165,6.55,7.03,6.8958,2728709,0.0,1.0
72,2020-04-23,6.71,7.03,6.51,6.72,6.5917,2106766,0.0,1.0
73,2020-04-22,6.77,7.1,6.45,6.6,6.474,4100877,0.0,1.0
74,2020-04-21,6.8,6.94,6.43,6.57,6.4446,3220500,0.0,1.0
75,2020-04-20,7.25,7.5,6.95,7.06,6.9252,2664919,0.0,1.0
76,2020-04-17,7.61,7.92,7.3,7.54,7.396,2263772,0.0,1.0
77,2020-04-16,7.28,7.45,6.96,7.21,7.0723,1838280,0.0,1.0
78,2020-04-15,7.45,7.475,7.12,7.34,7.1999,1437691,0.0,1.0
79,2020-04-14,8.26,8.4,7.68,7.83,7.6805,1989323,0.0,1.0
80,2020-04-13,8.3,8.49,7.75,8.05,7.8963,1512216,0.0,1.0
81,2020-04-09,8.26,8.65,8.01,8.285,8.1268,2664769,0.0,1.0
82,2020-04-08,7.45,7.835,7.2501,7.65,7.5039,2204344,0.0,1.0
83,2020-04-07,7.39,8.19,7.27,7.305,7.1655,3172579,0.0,1.0
84,2020-04-06,6.42,7.04,6.35,6.98,6.8467,3164266,0.0,1.0
85,2020-04-03,6.29,6.65,5.92,6.04,5.9247,2651347,0.0,1.0
86,2020-04-02,6.89,7.03,6.085,6.35,6.2288,4162155,0.0,1.0
87,2020-04-01,7.15,7.345,6.88,7.01,6.8762,2525316,0.0,1.0
88,2020-03-31,8.11,8.38,7.37,7.58,7.4353,3206926,0.0,1.0
89,2020-03-30,8.0,8.18,7.2,8.15,7.9944,3021491,0.0,1.0
90,2020-03-27,7.75,8.23,7.51,8.03,7.8767,2386751,0.0,1.0
91,2020-03-26,8.1,8.855,7.94,8.07,7.9159,3097552,0.0,1.0
92,2020-03-25,7.45,9.06,7.14,7.99,7.8374,5206690,0.0,1.0
93,2020-03-24,6.45,7.6,6.375,7.08,6.9448,3787515,0.0,1.0
94,2020-03-23,6.0,6.27,5.48,6.06,5.9443,3237419,0.0,1.0
95,2020-03-20,6.51,6.9,5.87,6.0,5.8854,7680403,0.0,1.0
96,2020-03-19,4.97,6.525,4.78,6.28,6.1601,4465267,0.0,1.0
97,2020-03-18,5.55,6.01,4.07,5.0,4.9045,5657719,0.0,1.0
98,2020-03-17,7.53,7.63,5.325,5.95,5.8364,4825134,0.0,1.0
99,2020-03-16,7.67,7.835,7.13,7.29,7.1508,2590202,0.0,1.0
100,2020-03-13,8.77,9.06,7.93,8.67,8.5045,4210331,0.0,1.0
101,2020-03-12,8.71,9.43,8.08,8.08,7.9257,3328320,0.0,1.0
102,2020-03-11,9.66,9.94,9.25,9.49,9.3088,4506702,0.0,1.0
103,2020-03-10,9.61,9.99,9.1601,9.99,9.7993,2786560,0.0,1.0
104,2020-03-09,9.71,9.86,9.06,9.07,8.8968,3182765,0.0,1.0
105,2020-03-06,9.99,10.66,9.82,10.49,10.2897,7751116,0.0,1.0
106,2020-03-05,10.58,10.73,10.33,10.44,10.2407,4097906,0.16,1.0
107,2020-03-04,10.85,11.14,10.43,11.11,10.7334,3657688,0.0,1.0
108,2020-03-03,11.47,11.55,10.46,10.6,10.2407,4802723,0.0,1.0
109,2020-03-02,11.3,11.58,10.92,11.58,11.1874,3995507,0.0,1.0
110,2020-02-28,10.8,11.26,10.75,11.23,10.8493,6210662,0.0,1.0
111,2020-02-27,11.71,11.95,11.075,11.285,10.9024,2843090,0.0,1.0
112,2020-02-26,12.53,12.53,12.02,12.025,11.6174,1883156,0.0,1.0
113,2020-02-25,13.25,13.26,12.34,12.44,12.0183,2228386,0.0,1.0
114,2020-02-24,13.71,13.77,13.235,13.24,12.7912,1903739,0.0,1.0
115,2020-02-21,14.34,14.44,14.09,14.17,13.6896,1292870,0.0,1.0
116,2020-02-20,14.33,14.54,14.3,14.45,13.9602,1280450,0.0,1.0
117,2020-02-19,14.3,14.41,14.195,14.335,13.8491,2379977,0.0,1.0
118,2020-02-18,14.51,14.66,14.24,14.3,13.8152,824203,0.0,1.0
119,2020-02-14,14.75,14.84,14.49,14.57,14.0761,1428256,0.0,1.0
120,2020-02-13,14.68,14.87,14.62,14.74,14.2403,1238853,0.0,1.0
121,2020-02-12,14.56,14.83,14.52,14.76,14.2596,1438052,0.0,1.0
122,2020-02-11,14.12,14.53,14.0,14.5,14.0085,1241489,0.0,1.0
123,2020-02-10,13.93,14.14,13.92,14.08,13.6027,914103,0.0,1.0
124,2020-02-07,13.97,14.11,13.88,14.01,13.5351,1204344,0.0,1.0
125,2020-02-06,14.16,14.27,13.99,14.1,13.622,1279579,0.0,1.0
126,2020-02-05,14.01,14.16,13.94,14.07,13.593,1246349,0.0,1.0
127,2020-02-04,14.11,14.23,13.785,13.82,13.3515,3126461,0.0,1.0
128,2020-02-03,14.49,14.585,13.97,14.01,13.5351,2328430,0.0,1.0
129,2020-01-31,14.79,14.81,14.36,14.38,13.8925,1968238,0.0,1.0
130,2020-01-30,14.91,15.08,14.71,14.9,14.3949,2449809,0.0,1.0
131,2020-01-29,14.97,15.25,14.965,15.0,14.4915,1237093,0.0,1.0
132,2020-01-28,14.96,15.3,14.6613,15.02,14.5108,2608222,0.0,1.0
133,2020-01-27,14.79,14.9,14.6904,14.77,14.2693,3458565,0.0,1.0
134,2020-01-24,15.4,15.41,14.96,15.105,14.593,1674468,0.0,1.0
135,2020-01-23,15.23,15.5,15.17,15.45,14.9263,2985396,0.0,1.0
136,2020-01-22,14.1,15.335,14.1,15.18,14.6654,4830196,0.0,1.0
137,2020-01-21,13.81,13.95,13.74,13.86,13.3902,2281634,0.0,1.0
138,2020-01-17,13.64,13.92,13.64,13.86,13.3902,1703413,0.0,1.0
139,2020-01-16,13.59,13.67,13.52,13.62,13.1583,2006135,0.0,1.0
140,2020-01-15,13.47,13.57,13.365,13.5,13.0424,1331015,0.0,1.0
141,2020-01-14,13.44,13.64,13.44,13.56,13.1003,1481905,0.0,1.0
142,2020-01-13,13.45,13.52,13.27,13.51,13.052,1624328,0.0,1.0
143,2020-01-10,13.52,13.565,13.4,13.42,12.9651,1555236,0.0,1.0
144,2020-01-09,13.59,13.65,13.49,13.57,13.11,1392280,0.0,1.0
145,2020-01-08,13.55,13.75,13.5012,13.67,13.2066,1180111,0.0,1.0
146,2020-01-07,13.57,13.77,13.53,13.6,13.139,1302510,0.0,1.0
147,2020-01-06,13.48,13.65,13.455,13.61,13.1486,1727853,0.0,1.0
148,2020-01-03,13.54,13.73,13.4,13.57,13.11,1261215,0.0,1.0
149,2020-01-02,13.77,13.77,13.58,13.655,13.1921,2167227,0.0,1.0
150,2019-12-31,13.65,13.72,13.595,13.68,13.2163,1799631,0.0,1.0
151,2019-12-30,13.72,13.78,13.645,13.66,13.1969,800103,0.0,1.0
152,2019-12-27,13.8,13.8807,13.7,13.72,13.2549,635728,0.0,1.0
153,2019-12-26,13.97,14.0,13.79,13.83,13.3612,719654,0.0,1.0
154,2019-12-24,13.92,14.01,13.875,13.93,13.4578,369238,0.0,1.0
155,2019-12-23,13.82,13.945,13.77,13.9,13.4288,1643428,0.0,1.0
156,2019-12-20,13.95,14.09,13.72,13.77,13.3032,4699598,0.0,1.0
157,2019-12-19,14.1,14.16,13.95,13.99,13.5157,1408338,0.0,1.0
158,2019-12-18,14.26,14.26,14.06,14.14,13.6607,996074,0.0,1.0
159,2019-12-17,14.16,14.3,14.12,14.23,13.7476,1554076,0.0,1.0
160,2019-12-16,14.21,14.29,14.09,14.12,13.6413,2209543,0.0,1.0
161,2019-12-13,13.96,14.25,13.88,14.13,13.651,1672378,0.0,1.0
162,2019-12-12,13.74,13.93,13.7,13.86,13.3902,2776999,0.0,1.0
163,2019-12-11,13.88,13.88,13.675,13.75,13.2839,1332247,0.0,1.0
164,2019-12-10,13.83,13.89,13.76,13.81,13.3419,2916921,0.0,1.0
165,2019-12-09,14.01,14.08,13.79,13.79,13.3225,1547132,0.0,1.0
166,2019-12-06,13.93,14.175,13.93,14.0,13.5254,2471798,0.0,1.0
167,2019-12-05,13.93,14.0,13.83,13.87,13.3998,1210941,0.16,1.0
168,2019-12-04,14.14,14.15,13.96,14.07,13.438,1690433,0.0,1.0
169,2019-12-03,13.97,13.99,13.7,13.9,13.2757,1352211,0.0,1.0
170,2019-12-02,14.38,14.44,14.02,14.06,13.4285,2121333,0.0,1.0
171,2019-11-29,14.16,14.455,14.16,14.35,13.7054,651368,0.0,1.0
172,2019-11-27,14.17,14.404,14.06,14.28,13.6386,1669036,0.0,1.0
173,2019-11-26,14.32,14.39,14.13,14.15,13.5144,1970716,0.0,1.0
174,2019-11-25,14.38,14.59,14.31,14.31,13.6672,1662042,0.0,1.0
175,2019-11-22,14.39,14.485,14.28,14.41,13.7627,700288,0.0,1.0
176,2019-11-21,14.4,14.415,14.19,14.29,13.6481,928485,0.0,1.0
177,2019-11-20,14.25,14.44,14.22,14.3,13.6577,1268167,0.0,1.0
178,2019-11-19,14.26,14.36,14.18,14.29,13.6481,915393,0.0,1.0
179,2019-11-18,14.28,14.36,14.175,14.23,13.5908,1090402,0.0,1.0
180,2019-11-15,14.46,14.46,14.25,14.26,13.6195,729131,0.0,1.0
181,2019-11-14,14.24,14.405,14.17,14.36,13.715,873656,0.0,1.0
182,2019-11-13,14.26,14.36,14.135,14.3,13.6577,893973,0.0,1.0
183,2019-11-12,14.54,14.54,14.4,14.45,13.801,1017734,0.0,1.0
184,2019-11-11,14.26,14.64,14.23,14.52,13.8678,1515255,0.0,1.0
185,2019-11-08,14.35,14.41,14.23,14.3,13.6577,1076785,0.0,1.0
186,2019-11-07,14.36,14.48,14.23,14.35,13.7054,1180876,0.0,1.0
187,2019-11-06,14.22,14.38,14.11,14.17,13.5335,1619693,0.0,1.0
188,2019-11-05,14.17,14.48,14.16,14.32,13.6768,2039837,0.0,1.0
189,2019-11-04,14.01,14.055,13.91,14.025,13.395,1854502,0.0,1.0
190,2019-11-01,13.92,14.01,13.76,13.88,13.2566,1487535,0.0,1.0
191,2019-10-31,13.87,13.92,13.46,13.77,13.1515,3335288,0.0,1.0
192,2019-10-30,14.1,14.1,13.76,13.92,13.2948,1388823,0.0,1.0
193,2019-10-29,13.92,14.26,13.88,14.1,13.4667,1782672,0.0,1.0
194,2019-10-28,13.46,14.03,13.45,13.94,13.3139,1920834,0.0,1.0
195,2019-10-25,13.12,13.69,13.12,13.67,13.056,1819796,0.0,1.0
196,2019-10-24,12.94,13.12,12.87,13.11,12.5211,2145644,0.0,1.0
197,2019-10-23,12.62,13.14,12.26,12.94,12.3588,2551513,0.0,1.0
198,2019-10-22,12.03,12.21,11.91,12.15,11.6043,2330832,0.0,1.0
199,2019-10-21,11.9,12.075,11.88,11.96,11.4228,1262155,0.0,1.0
200,2019-10-18,11.89,11.93,11.745,11.775,11.2461,1115390,0.0,1.0
201,2019-10-17,11.81,11.96,11.78,11.9,11.3655,1274679,0.0,1.0
202,2019-10-16,11.92,12.055,11.775,11.805,11.2748,1628943,0.0,1.0
203,2019-10-15,11.73,12.025,11.65,12.01,11.4705,1863534,0.0,1.0
204,2019-10-14,11.8,11.91,11.61,11.73,11.2031,1051578,0.0,1.0
205,2019-10-11,11.65,12.03,11.65,11.875,11.3416,1884456,0.0,1.0
206,2019-10-10,11.38,11.65,11.315,11.5,10.9835,2037155,0.0,1.0
207,2019-10-09,11.45,11.53,11.31,11.34,10.8306,1653474,0.0,1.0
208,2019-10-08,11.54,11.625,11.435,11.45,10.9357,1736977,0.0,1.0
209,2019-10-07,11.54,11.85,11.5,11.7,11.1745,2394844,0.0,1.0
210,2019-10-04,11.66,11.8,11.47,11.64,11.1172,2018817,0.0,1.0
211,2019-10-03,11.55,11.69,11.38,11.68,11.1554,3102609,0.0,1.0
212,2019-10-02,11.94,11.98,11.55,11.595,11.0742,3442230,0.0,1.0
213,2019-10-01,12.85,12.975,12.02,12.02,11.4801,1924765,0.0,1.0
214,2019-09-30,12.79,12.845,12.64,12.8,12.2251,1545809,0.0,1.0
215,2019-09-27,13.13,13.205,12.77,12.785,12.2107,1212148,0.0,1.0
216,2019-09-26,13.19,13.35,12.98,13.07,12.4829,2038575,0.0,1.0
217,2019-09-25,13.09,13.37,13.06,13.24,12.6453,1333118,0.0,1.0
218,2019-09-24,13.36,13.53,13.12,13.13,12.5402,1937073,0.0,1.0
219,2019-09-23,13.15,13.52,13.07,13.39,12.7886,1585144,0.0,1.0
220,2019-09-20,13.17,13.46,13.15,13.22,12.6262,4851442,0.0,1.0
221,2019-09-19,13.34,13.49,13.11,13.17,12.5784,1756071,0.0,1.0
222,2019-09-18,13.19,13.39,13.05,13.31,12.7122,1465986,0.0,1.0
223,2019-09-17,13.27,13.37,13.11,13.25,12.6549,1627474,0.0,1.0
224,2019-09-16,13.22,13.465,13.12,13.4,12.7981,1594477,0.0,1.0
225,2019-09-13,13.43,13.56,13.26,13.29,12.6931,1545661,0.0,1.0
226,2019-09-12,13.37,13.42,13.19,13.27,12.674,1391250,0.0,1.0
227,2019-09-11,13.29,13.39,13.075,13.39,12.7886,1630808,0.0,1.0
228,2019-09-10,13.1,13.375,13.06,13.27,12.674,2079245,0.0,1.0
229,2019-09-09,12.88,13.15,12.85,13.11,12.5211,1562480,0.0,1.0
230,2019-09-06,12.85,12.9,12.7,12.79,12.2155,1110447,0.0,1.0
231,2019-09-05,12.68,12.95,12.68,12.79,12.2155,1184739,0.16,1.0
232,2019-09-04,12.66,12.73,12.47,12.64,11.9231,1568921,0.0,1.0
233,2019-09-03,12.64,12.78,12.35,12.53,11.8193,1590414,0.0,1.0
234,2019-08-30,12.89,12.94,12.58,12.74,12.0174,1235083,0.0,1.0
235,2019-08-29,12.74,12.87,12.61,12.78,12.0552,1093166,0.0,1.0
236,2019-08-28,12.3,12.6,12.24,12.51,11.8005,894188,0.0,1.0
237,2019-08-27,12.75,12.75,12.3,12.32,11.6212,1156433,0.0,1.0
238,2019-08-26,12.62,12.835,12.52,12.7,11.9797,1587781,0.0,1.0
239,2019-08-23,12.9,13.05,12.4,12.45,11.7439,1200316,0.0,1.0
240,2019-08-22,13.22,13.27,12.96,12.98,12.2438,1374693,0.0,1.0
241,2019-08-21,13.11,13.21,13.03,13.08,12.3381,1309384,0.0,1.0
242,2019-08-20,13.22,13.29,12.99,12.99,12.2532,1378599,0.0,1.0
243,2019-08-19,13.26,13.375,13.135,13.31,12.5551,1110997,0.0,1.0
244,2019-08-16,12.84,13.19,12.83,13.13,12.3853,1016459,0.0,1.0
245,2019-08-15,12.91,13.06,12.73,12.8,12.074,841674,0.0,1.0
246,2019-08-14,13.09,13.27,12.89,12.91,12.1778,1558879,0.0,1.0
247,2019-08-13,13.28,13.59,13.19,13.4,12.64,2009430,0.0,1.0
248,2019-08-12,13.43,13.45,13.2,13.26,12.5079,1918611,0.0,1.0
249,2019-08-09,13.58,13.69,13.5,13.54,12.7721,2151947,0.0,1.0
250,2019-08-08,13.41,13.8,13.41,13.65,12.8758,2582659,0.0,1.0
251,2019-08-07,12.98,13.43,12.9171,13.34,12.5834,2070980,0.0,1.0
252,2019-08-06,13.16,13.555,12.96,13.3,12.5457,2622269,0.0,1.0
253,2019-08-05,13.43,13.46,12.85,13.05,12.3098,4069503,0.0,1.0
254,2019-08-02,13.96,13.99,13.62,13.71,12.9324,1174932,0.0,1.0
255,2019-08-01,14.19,14.25,13.73,13.96,13.1682,1791280,0.0,1.0
256,2019-07-31,14.34,14.47,14.08,14.15,13.3475,2114281,0.0,1.0
257,2019-07-30,14.13,14.385,14.06,14.32,13.5078,2047098,0.0,1.0
258,2019-07-29,14.12,14.45,14.12,14.24,13.4323,1759965,0.0,1.0
259,2019-07-26,14.28,14.36,14.0,14.08,13.2814,3141439,0.0,1.0
260,2019-07-25,14.93,15.155,14.1,14.18,13.3758,6159010,0.0,1.0
261,2019-07-24,14.0,15.67,14.0,15.09,14.2341,6085489,0.0,1.0
262,2019-07-23,13.47,13.755,13.43,13.7,12.923,1944445,0.0,1.0
263,2019-07-22,13.59,13.72,13.42,13.44,12.6777,1384482,0.0,1.0
264,2019-07-19,13.7,13.84,13.535,13.55,12.7815,1185177,0.0,1.0
265,2019-07-18,13.52,13.82,13.52,13.71,12.9324,1200861,0.0,1.0
266,2019-07-17,13.5,13.635,13.39,13.53,12.7626,1668900,0.0,1.0
267,2019-07-16,13.45,13.66,13.44,13.55,12.7815,1599341,0.0,1.0
268,2019-07-15,13.65,13.65,13.34,13.4,12.64,1297801,0.0,1.0
269,2019-07-12,13.35,13.73,13.3,13.63,12.8569,1551439,0.0,1.0
270,2019-07-11,13.32,13.365,13.19,13.31,12.5551,1711986,0.0,1.0
271,2019-07-10,13.27,13.47,13.21,13.27,12.5174,2684867,0.0,1.0
272,2019-07-09,13.46,13.46,13.22,13.24,12.4891,3953193,0.0,1.0
273,2019-07-08,14.01,14.12,13.46,13.48,12.7155,2076322,0.0,1.0
274,2019-07-05,13.87,14.14,13.84,14.1,13.3003,1325615,0.0,1.0
275,2019-07-03,13.81,13.955,13.77,13.92,13.1305,993617,0.0,1.0
276,2019-07-02,13.61,13.845,13.58,13.81,13.0267,1315483,0.0,1.0
277,2019-07-01,13.82,13.99,13.53,13.66,12.8852,1475324,0.0,1.0
278,2019-06-28,13.39,13.69,13.23,13.65,12.8758,3647069,0.0,1.0
279,2019-06-27,13.06,13.375,13.05,13.3,12.5457,1367225,0.0,1.0
280,2019-06-26,13.04,13.16,12.97,12.99,12.2532,1277643,0.0,1.0
281,2019-06-25,12.93,13.06,12.75,12.97,12.2344,1523222,0.0,1.0
282,2019-06-24,13.5,13.5,12.92,12.94,12.2061,1274988,0.0,1.0
283,2019-06-21,13.39,13.53,13.26,13.36,12.6023,3604094,0.0,1.0
284,2019-06-20,13.37,13.46,13.245,13.44,12.6777,1452724,0.0,1.0
285,2019-06-19,13.25,13.395,13.11,13.22,12.4702,1438149,0.0,1.0
286,2019-06-18,13.16,13.48,13.11,13.25,12.4985,1411197,0.0,1.0
287,2019-06-17,13.31,13.45,13.07,13.12,12.3759,1717706,0.0,1.0
288,2019-06-14,13.34,13.37,13.065,13.33,12.574,1062304,0.0,1.0
289,2019-06-13,13.35,13.375,13.165,13.36,12.6023,1063304,0.0,1.0
290,2019-06-12,13.36,13.36,13.035,13.2,12.4513,1220952,0.0,1.0
291,2019-06-11,13.43,13.595,13.27,13.33,12.574,1522527,0.0,1.0
292,2019-06-10,13.16,13.41,13.155,13.29,12.5362,1242173,0.0,1.0
293,2019-06-07,13.2,13.2,13.01,13.04,12.3004,892275,0.0,1.0
294,2019-06-06,13.1,13.2,12.92,13.16,12.4136,1009228,0.16,1.0
295,2019-06-05,13.39,13.43,13.14,13.22,12.3204,1151517,0.0,1.0
296,2019-06-04,12.96,13.5,12.935,13.36,12.4509,1446602,0.0,1.0
297,2019-06-03,12.99,13.23,12.83,12.86,11.9849,2105658,0.0,1.0
298,2019-05-31,13.01,13.09,12.81,13.04,12.1527,2349046,0.0,1.0
299,2019-05-30,13.32,13.495,13.11,13.19,12.2925,1200262,0.0,1.0
300,2019-05-29,13.18,13.26,13.085,13.23,12.3297,1150634,0.0,1.0
301,2019-05-28,13.23,13.44,13.2,13.21,12.3111,1269159,0.0,1.0
302,2019-05-24,13.01,13.255,13.01,13.22,12.3204,778399,0.0,1.0
303,2019-05-23,13.15,13.15,12.82,12.96,12.0781,1253005,0.0,1.0
304,2019-05-22,13.46,13.55,13.18,13.22,12.3204,943688,0.0,1.0
305,2019-05-21,13.46,13.67,13.46,13.57,12.6466,1191136,0.0,1.0
306,2019-05-20,13.36,13.51,13.27,13.35,12.4416,1095397,0.0,1.0
307,2019-05-17,13.39,13.6,13.39,13.45,12.5348,938710,0.0,1.0
308,2019-05-16,13.59,13.79,13.475,13.54,12.6186,1308385,0.0,1.0
309,2019-05-15,13.22,13.55,13.16,13.55,12.628,1902381,0.0,1.0
310,2019-05-14,13.32,13.55,13.225,13.36,12.4509,1618695,0.0,1.0
311,2019-05-13,13.51,13.79,13.215,13.23,12.3297,1308785,0.0,1.0
312,2019-05-10,13.6,13.86,13.485,13.82,12.8796,1104632,0.0,1.0
313,2019-05-09,13.53,13.64,13.34,13.63,12.7025,1276190,0.0,1.0
314,2019-05-08,13.74,13.91,13.62,13.65,12.7211,1057154,0.0,1.0
315,2019-05-07,13.73,13.915,13.68,13.78,12.8423,1039339,0.0,1.0
316,2019-05-06,13.68,14.01,13.49,13.93,12.9821,1409446,0.0,1.0
317,2019-05-03,13.86,13.98,13.735,13.92,12.9728,1220734,0.0,1.0
318,2019-05-02,13.65,13.86,13.65,13.84,12.8982,2074255,0.0,1.0
319,2019-05-01,13.54,13.75,13.38,13.63,12.7025,2390173,0.0,1.0
320,2019-04-30,13.16,13.54,13.1,13.51,12.5907,2050075,0.0,1.0
321,2019-04-29,13.26,13.31,13.14,13.18,12.2831,1586773,0.0,1.0
322,2019-04-26,13.17,13.335,13.045,13.2,12.3018,1709315,0.0,1.0
323,2019-04-25,13.2,13.46,13.14,13.19,12.2925,3668305,0.0,1.0
324,2019-04-24,12.49,13.08,12.43,12.96,12.0781,2264205,0.0,1.0
325,2019-04-23,12.11,12.45,12.08,12.43,11.5842,2363960,0.0,1.0
326,2019-04-22,12.2,12.24,12.025,12.06,11.2393,1409330,0.0,1.0
327,2019-04-18,12.2,12.26,12.09,12.19,11.3605,1274414,0.0,1.0
328,2019-04-17,12.41,12.41,12.11,12.17,11.3419,1598981,0.0,1.0
329,2019-04-16,12.34,12.42,12.22,12.35,11.5096,1057871,0.0,1.0
330,2019-04-15,12.4,12.46,12.24,12.27,11.4351,954450,0.0,1.0
331,2019-04-12,12.33,12.515,12.2399,12.42,11.5748,1116233,0.0,1.0
332,2019-04-11,12.2,12.25,12.04,12.16,11.3325,971816,0.0,1.0
333,2019-04-10,11.97,12.18,11.955,12.15,11.3232,1080446,0.0,1.0
334,2019-04-09,12.23,12.24,11.9,11.92,11.1089,1328500,0.0,1.0
335,2019-04-08,12.2,12.27,12.055,12.26,11.4257,1831917,0.0,1.0
336,2019-04-05,12.25,12.335,12.14,12.17,11.3419,1081642,0.0,1.0
337,2019-04-04,12.03,12.22,11.95,12.21,11.3791,1430929,0.0,1.0
338,2019-04-03,11.89,12.11,11.89,11.98,11.1648,1216334,0.0,1.0
339,2019-04-02,12.08,12.19,11.8,11.83,11.025,1457559,0.0,1.0
340,2019-04-01,11.71,12.11,11.69,12.1,11.2766,1516501,0.0,1.0
341,2019-03-29,11.85,11.945,11.54,11.57,10.7827,1941026,0.0,1.0
342,2019-03-28,11.58,11.785,11.58,11.73,10.9318,1189326,0.0,1.0
343,2019-03-27,11.65,11.74,11.55,11.56,10.7734,1793376,0.0,1.0
344,2019-03-26,11.67,11.76,11.49,11.62,10.8293,1466700,0.0,1.0
345,2019-03-25,11.57,11.76,11.46,11.59,10.8013,1316855,0.0,1.0
346,2019-03-22,11.95,11.95,11.48,11.59,10.8013,1694731,0.0,1.0
347,2019-03-21,11.73,12.13,11.67,12.04,11.2207,1272192,0.0,1.0
348,2019-03-20,11.95,11.95,11.72,11.79,10.9877,1779668,0.0,1.0
349,2019-03-19,12.22,12.23,11.94,11.96,11.1461,1408123,0.0,1.0
350,2019-03-18,12.11,12.25,12.11,12.14,11.3139,1307097,0.0,1.0
351,2019-03-15,11.84,12.07,11.81,12.03,11.2114,4576211,0.0,1.0
352,2019-03-14,11.8,11.95,11.78,11.85,11.0436,1651955,0.0,1.0
353,2019-03-13,11.82,11.87,11.71,11.8,10.997,1553679,0.0,1.0
354,2019-03-12,11.77,12.39,11.58,11.75,10.9504,2474369,0.0,1.0
355,2019-03-11,11.76,11.82,11.54,11.75,10.9504,1412886,0.0,1.0
356,2019-03-08,11.44,11.85,11.42,11.73,10.9318,1312027,0.0,1.0
357,2019-03-07,11.85,11.855,11.51,11.54,10.7547,1541508,0.0,1.0
358,2019-03-06,12.02,12.03,11.81,11.81,11.0064,1881833,0.0,1.0
359,2019-03-05,11.99,12.15,11.97,11.98,11.1648,1744891,0.0,1.0
360,2019-03-04,12.19,12.36,12.08,12.12,11.2953,2157673,0.0,1.0
361,2019-03-01,12.33,12.4,12.18,12.21,11.3791,2054371,0.0,1.0
362,2019-02-28,12.51,12.51,12.22,12.22,11.3885,2460990,0.16,1.0
363,2019-02-27,12.64,12.64,12.45,12.55,11.5448,1733175,0.0,1.0
364,2019-02-26,12.55,12.655,12.47,12.6,11.5908,2243011,0.0,1.0
365,2019-02-25,12.51,12.67,12.47,12.59,11.5816,2563109,0.0,1.0
366,2019-02-22,12.4,12.46,12.27,12.44,11.4437,1583554,0.0,1.0
367,2019-02-21,11.94,12.34,11.86,12.32,11.3333,3545265,0.0,1.0
368,2019-02-20,12.82,12.85,12.55,12.66,11.646,4288196,0.0,1.0
369,2019-02-19,12.56,12.9,12.31,12.79,11.7656,6228747,0.0,1.0
370,2019-02-15,11.7,11.875,11.61,11.73,10.7905,1754283,0.0,1.0
371,2019-02-14,11.62,11.705,11.51,11.62,10.6893,1206301,0.0,1.0
372,2019-02-13,11.64,11.78,11.57,11.69,10.7537,1203823,0.0,1.0
373,2019-02-12,11.45,11.69,11.43,11.58,10.6525,1661986,0.0,1.0
374,2019-02-11,11.27,11.405,11.27,11.39,10.4777,1285365,0.0,1.0
375,2019-02-08,11.26,11.36,11.12,11.25,10.349,1436543,0.0,1.0
376,2019-02-07,11.4,11.51,11.295,11.37,10.4593,1459065,0.0,1.0
377,2019-02-06,11.42,11.475,11.34,11.42,10.5053,1611679,0.0,1.0
378,2019-02-05,11.41,11.5,11.32,11.44,10.5237,1297274,0.0,1.0
379,2019-02-04,11.4,11.55,11.28,11.4,10.4869,1745876,0.0,1.0
380,2019-02-01,11.4,11.52,11.32,11.44,10.5237,1492926,0.0,1.0
381,2019-01-31,11.41,11.49,11.28,11.4,10.4869,2384705,0.0,1.0
382,2019-01-30,11.46,11.57,11.3,11.45,10.5329,1737497,0.0,1.0
383,2019-01-29,11.4,11.52,11.34,11.45,10.5329,1750005,0.0,1.0
384,2019-01-28,11.37,11.54,11.33,11.44,10.5237,1613848,0.0,1.0
385,2019-01-25,11.6,11.63,11.44,11.54,10.6157,2168309,0.0,1.0
386,2019-01-24,11.09,11.525,11.0469,11.44,10.5237,2150151,0.0,1.0
387,2019-01-23,11.6,11.61,10.8,11.11,10.2202,2585603,0.0,1.0
388,2019-01-22,10.83,10.915,10.68,10.85,9.981,2990966,0.0,1.0
389,2019-01-18,10.67,10.94,10.65,10.91,10.0362,1777750,0.0,1.0
390,2019-01-17,10.58,10.695,10.5,10.56,9.7142,2205529,0.0,1.0
391,2019-01-16,10.59,10.815,10.58,10.65,9.797,2520416,0.0,1.0
392,2019-01-15,10.4,10.48,10.28,10.46,9.6222,1581712,0.0,1.0
393,2019-01-14,10.31,10.49,10.2,10.41,9.5762,1508392,0.0,1.0
394,2019-01-11,10.36,10.5,10.25,10.39,9.5578,2082007,0.0,1.0
395,2019-01-10,10.36,10.475,10.245,10.45,9.613,2039445,0.0,1.0
396,2019-01-09,10.22,10.47,10.15,10.39,9.5578,1635994,0.0,1.0
397,2019-01-08,10.14,10.33,10.03,10.18,9.3647,2390576,0.0,1.0
398,2019-01-07,9.87,10.17,9.8,10.05,9.2451,2920898,0.0,1.0
399,2019-01-04,9.6,9.96,9.6,9.83,9.0427,2800157,0.0,1.0
400,2019-01-03,9.23,9.575,9.12,9.45,8.6931,2889890,0.0,1.0
401,2019-01-02,8.68,9.29,8.64,9.29,8.5459,2378419,0.0,1.0
402,2018-12-31,8.92,8.92,8.67,8.81,8.1044,1947123,0.0,1.0
403,2018-12-28,8.83,9.04,8.77,8.85,8.1412,1900705,0.0,1.0
404,2018-12-27,8.68,8.82,8.52,8.81,8.1044,2848804,0.0,1.0
405,2018-12-26,8.47,8.86,8.23,8.85,8.1412,2371249,0.0,1.0
406,2018-12-24,8.48,8.62,8.35,8.43,7.7548,1743843,0.0,1.0
407,2018-12-21,8.77,8.86,8.42,8.54,7.856,5204734,0.0,1.0
408,2018-12-20,8.6,8.78,8.53,8.7,8.0032,3356904,0.0,1.0
409,2018-12-19,9.16,9.29,8.59,8.69,7.994,3437892,0.0,1.0
410,2018-12-18,9.34,9.515,9.07,9.11,8.3804,2715549,0.0,1.0
411,2018-12-17,9.53,9.65,9.24,9.33,8.5827,2939645,0.0,1.0
412,2018-12-14,9.76,9.98,9.53,9.59,8.8219,2821037,0.0,1.0
413,2018-12-13,10.2,10.24,9.81,9.85,9.0611,1882093,0.0,1.0
414,2018-12-12,10.0,10.325,10.0,10.17,9.3555,1953846,0.0,1.0
415,2018-12-11,10.34,10.49,9.89,9.93,9.1347,2578696,0.0,1.0
416,2018-12-10,10.61,10.64,10.06,10.19,9.3739,2723299,0.0,1.0
417,2018-12-07,10.81,10.975,10.46,10.64,9.7878,2610392,0.0,1.0
418,2018-12-06,10.6,10.85,10.379,10.81,9.9442,3452707,0.16,1.0
419,2018-12-04,11.33,11.46,10.76,10.82,9.8082,1965270,0.0,1.0
420,2018-12-03,11.68,11.82,11.21,11.38,10.3159,2258563,0.0,1.0
421,2018-11-30,11.4,11.605,11.3,11.5,10.4246,3979813,0.0,1.0
422,2018-11-29,11.21,11.63,11.1,11.45,10.3793,2791724,0.0,1.0
423,2018-11-28,11.15,11.27,10.92,11.21,10.1618,2597177,0.0,1.0
424,2018-11-27,11.33,11.36,11.005,11.08,10.0439,1854715,0.0,1.0
425,2018-11-26,11.33,11.48,11.245,11.35,10.2887,1621469,0.0,1.0
426,2018-11-23,11.15,11.31,11.08,11.14,10.0983,942669,0.0,1.0
427,2018-11-21,10.75,11.37,10.75,11.2,10.1527,3151557,0.0,1.0
428,2018-11-20,11.87,11.87,10.69,10.73,9.7266,4826677,0.0,1.0
429,2018-11-19,12.11,12.25,11.98,12.0,10.8779,2816155,0.0,1.0
430,2018-11-16,12.64,12.74,12.11,12.16,11.0229,3047017,0.0,1.0
431,2018-11-15,12.48,12.85,12.43,12.75,11.5578,1899130,0.0,1.0
432,2018-11-14,12.85,12.875,12.505,12.65,11.4671,1396430,0.0,1.0
433,2018-11-13,12.57,12.85,12.57,12.76,11.5668,1705932,0.0,1.0
434,2018-11-12,12.61,12.7,12.525,12.54,11.3674,1548730,0.0,1.0
435,2018-11-09,12.57,12.7,12.52,12.62,11.4399,1473518,0.0,1.0
436,2018-11-08,12.6,12.72,12.54,12.63,11.449,1376939,0.0,1.0
437,2018-11-07,12.31,12.69,12.26,12.63,11.449,2051036,0.0,1.0
438,2018-11-06,12.1,12.335,12.04,12.27,11.1226,2137695,0.0,1.0
439,2018-11-05,11.86,12.15,11.83,12.09,10.9595,2319253,0.0,1.0
440,2018-11-02,12.12,12.21,11.76,11.86,10.751,2021986,0.0,1.0
441,2018-11-01,11.7,12.09,11.63,12.02,10.896,3067012,0.0,1.0
442,2018-10-31,11.6,11.795,11.46,11.58,10.4972,2705322,0.0,1.0
443,2018-10-30,11.49,11.71,11.3,11.57,10.4881,2682610,0.0,1.0
444,2018-10-29,11.85,11.925,11.34,11.43,10.3612,3182838,0.0,1.0
445,2018-10-26,11.83,11.875,11.6,11.71,10.615,2488188,0.0,1.0
446,2018-10-25,12.0,12.025,11.69,11.93,10.8144,2035581,0.0,1.0
447,2018-10-24,13.17,13.17,11.775,11.85,10.7419,2752600,0.0,1.0
448,2018-10-23,12.34,12.45,12.205,12.4,11.2405,1985054,0.0,1.0
449,2018-10-22,12.61,12.65,12.38,12.52,11.3493,2312729,0.0,1.0
450,2018-10-19,12.49,12.725,12.39,12.57,11.3946,1269884,0.0,1.0
451,2018-10-18,12.66,12.87,12.41,12.48,11.313,1161218,0.0,1.0
452,2018-10-17,12.66,12.77,12.47,12.66,11.4762,1265160,0.0,1.0
453,2018-10-16,12.52,12.72,12.28,12.71,11.5215,1253778,0.0,1.0
454,2018-10-15,12.35,12.57,12.3,12.44,11.2767,1080118,0.0,1.0
455,2018-10-12,12.73,12.7525,12.105,12.33,11.177,1483710,0.0,1.0
456,2018-10-11,12.8,12.83,12.48,12.54,11.3674,1749804,0.0,1.0
457,2018-10-10,13.1,13.25,12.87,12.9,11.6937,2193388,0.0,1.0
458,2018-10-09,13.38,13.38,13.11,13.15,11.9204,2337524,0.0,1.0
459,2018-10-08,13.36,13.47,13.295,13.46,12.2014,2947489,0.0,1.0
460,2018-10-05,13.57,13.59,13.34,13.36,12.1107,1341832,0.0,1.0
461,2018-10-04,13.75,13.91,13.53,13.57,12.3011,1469951,0.0,1.0
462,2018-10-03,13.65,13.9,13.5,13.71,12.428,1576941,0.0,1.0
463,2018-10-02,13.63,13.75,13.495,13.53,12.2648,1846556,0.0,1.0
464,2018-10-01,13.55,13.63,13.34,13.58,12.3101,2060332,0.0,1.0
465,2018-09-28,13.43,13.6,13.38,13.48,12.2195,2096504,0.0,1.0
466,2018-09-27,13.63,13.63,13.4284,13.47,12.2104,1537212,0.0,1.0
467,2018-09-26,14.01,14.01,13.54,13.59,12.3192,2312381,0.0,1.0
468,2018-09-25,13.96,14.05,13.87,14.0,12.6909,1646209,0.0,1.0
469,2018-09-24,14.45,14.45,13.78,14.0,12.6909,2392157,0.0,1.0
470,2018-09-21,14.41,14.4712,14.34,14.36,13.0172,6879834,0.0,1.0
471,2018-09-20,14.37,14.48,14.21,14.43,13.0807,2593570,0.0,1.0
472,2018-09-19,14.08,14.43,14.05,14.31,12.9719,3159240,0.0,1.0
473,2018-09-18,13.81,14.23,13.69,14.11,12.7906,2580803,0.0,1.0
474,2018-09-17,13.87,14.09,13.77,13.8,12.5096,2264316,0.0,1.0
475,2018-09-14,13.73,13.995,13.705,13.88,12.5821,2050038,0.0,1.0
476,2018-09-13,13.46,13.745,13.345,13.73,12.4461,2027513,0.0,1.0
477,2018-09-12,13.59,13.61,13.31,13.36,12.1107,1187880,0.0,1.0
478,2018-09-11,13.5,13.665,13.428,13.58,12.3101,1038490,0.0,1.0
479,2018-09-10,13.53,13.64,13.45,13.48,12.2195,1248660,0.0,1.0
480,2018-09-07,13.51,13.54,13.38,13.47,12.2104,1077884,0.0,1.0
481,2018-09-06,13.68,13.85,13.51,13.52,12.2558,1184476,0.16,1.0
482,2018-09-05,13.57,13.88,13.57,13.85,12.4081,1815717,0.0,1.0
483,2018-09-04,13.57,13.755,13.54,13.58,12.1662,1727446,0.0,1.0
484,2018-08-31,13.54,13.67,13.435,13.64,12.2199,1335428,0.0,1.0
485,2018-08-30,13.4,13.61,13.34,13.55,12.1393,1126585,0.0,1.0
486,2018-08-29,13.46,13.52,13.32,13.4,12.0049,1013977,0.0,1.0
487,2018-08-28,13.49,13.62,13.4,13.42,12.0228,1625610,0.0,1.0
488,2018-08-27,13.38,13.53,13.2,13.43,12.0318,1868485,0.0,1.0
489,2018-08-24,13.34,13.36,13.18,13.28,11.8974,1607749,0.0,1.0
490,2018-08-23,13.47,13.5,13.25,13.26,11.8795,1408549,0.0,1.0
491,2018-08-22,13.51,13.62,13.4,13.46,12.0587,1406881,0.0,1.0
492,2018-08-21,13.41,13.73,13.4,13.55,12.1393,1412046,0.0,1.0
493,2018-08-20,13.3,13.45,13.25,13.37,11.978,1434637,0.0,1.0
494,2018-08-17,13.36,13.44,13.34,13.36,11.9691,988668,0.0,1.0
495,2018-08-16,13.05,13.49,12.9601,13.39,11.9959,3940700,0.0,1.0
496,2018-08-15,13.01,13.06,12.91,12.97,11.6197,3784125,0.0,1.0
497,2018-08-14,13.1,13.22,13.06,13.1,11.7361,1834774,0.0,1.0
498,2018-08-13,13.22,13.28,12.945,13.03,11.6734,1335661,0.0,1.0
499,2018-08-10,13.19,13.32,13.06,13.24,11.8616,901020,0.0,1.0
500,2018-08-09,13.16,13.37,13.155,13.33,11.9422,1491761,0.0,1.0
501,2018-08-08,13.25,13.25,13.11,13.18,11.8078,1214987,0.0,1.0
502,2018-08-07,13.16,13.34,13.06,13.21,11.8347,1012191,0.0,1.0
503,2018-08-06,13.22,13.25,13.03,13.14,11.772,826084,0.0,1.0
504,2018-08-03,13.12,13.39,13.06,13.21,11.8347,1338698,0.0,1.0
505,2018-08-02,13.16,13.27,13.1,13.22,11.8436,992717,0.0,1.0
506,2018-08-01,13.25,13.46,13.18,13.23,11.8526,1320427,0.0,1.0
507,2018-07-31,13.45,13.48,13.18,13.21,11.8347,2689490,0.0,1.0
508,2018-07-30,13.32,13.52,13.3,13.4,12.0049,1088997,0.0,1.0
509,2018-07-27,13.26,13.37,13.195,13.29,11.9064,1938114,0.0,1.0
510,2018-07-26,13.2,13.36,13.1075,13.23,11.8526,2454316,0.0,1.0
511,2018-07-25,13.6,13.78,12.97,13.17,11.7988,4305003,0.0,1.0
512,2018-07-24,14.14,14.29,14.03,14.1,12.632,3112723,0.0,1.0
513,2018-07-23,13.96,14.135,13.93,14.06,12.5962,907638,0.0,1.0
514,2018-07-20,14.0,14.14,13.8,13.95,12.4976,1866605,0.0,1.0
515,2018-07-19,13.86,14.125,13.785,14.0,12.5424,2514202,0.0,1.0
516,2018-07-18,13.79,13.97,13.77,13.87,12.426,1421441,0.0,1.0
517,2018-07-17,13.82,13.88,13.7,13.81,12.3722,2353341,0.0,1.0
518,2018-07-16,13.47,13.83,13.44,13.83,12.3901,2073880,0.0,1.0
519,2018-07-13,13.63,13.68,13.38,13.43,12.0318,2065263,0.0,1.0
520,2018-07-12,13.85,13.857,13.64,13.66,12.2378,3112025,0.0,1.0
521,2018-07-11,13.82,13.855,13.67,13.78,12.3453,2605852,0.0,1.0
522,2018-07-10,13.52,13.91,13.518,13.87,12.426,2527091,0.0,1.0
523,2018-07-09,13.31,13.615,13.27,13.49,12.0855,1605513,0.0,1.0
524,2018-07-06,13.15,13.3,13.08,13.16,11.7899,936927,0.0,1.0
525,2018-07-05,13.06,13.15,12.98,13.14,11.772,1546588,0.0,1.0
526,2018-07-03,13.28,13.48,13.03,13.04,11.6824,1288969,0.0,1.0
527,2018-07-02,12.91,13.255,12.91,13.23,11.8526,2565451,0.0,1.0
528,2018-06-29,13.05,13.2347,12.995,13.03,11.6734,2563056,0.0,1.0
529,2018-06-28,13.09,13.16,12.88,13.05,11.6913,1526936,0.0,1.0
530,2018-06-27,13.28,13.42,13.11,13.11,11.7451,1614688,0.0,1.0
531,2018-06-26,13.29,13.29,13.1,13.22,11.8436,1418160,0.0,1.0
532,2018-06-25,13.29,13.37,13.1,13.26,11.8795,2537579,0.0,1.0
533,2018-06-22,13.38,13.52,13.37,13.38,11.987,3395836,0.0,1.0
534,2018-06-21,13.27,13.33,13.07,13.28,11.8974,3264414,0.0,1.0
535,2018-06-20,13.43,13.46,13.23,13.23,11.8526,1904409,0.0,1.0
536,2018-06-19,13.21,13.37,13.16,13.35,11.9601,2346026,0.0,1.0
537,2018-06-18,12.99,13.375,12.97,13.32,11.9332,3240922,0.0,1.0
538,2018-06-15,13.34,13.41,12.53,13.11,11.7451,20183436,0.0,1.0
539,2018-06-14,13.75,13.8328,13.425,13.49,12.0855,5517545,0.0,1.0
540,2018-06-13,14.23,14.28,13.72,13.73,12.3005,3364116,0.0,1.0
541,2018-06-12,14.53,14.69,14.135,14.21,12.7306,3818371,0.0,1.0
542,2018-06-11,14.86,14.86,14.495,14.58,13.0621,3357088,0.0,1.0
543,2018-06-08,14.77,14.86,14.54,14.8,13.2591,2045735,0.0,1.0
544,2018-06-07,14.93,15.025,14.78,14.88,13.3308,2987339,0.0,1.0
545,2018-06-06,14.9,14.92,14.6,14.9,13.3487,4524705,0.0,1.0
546,2018-06-05,14.54,14.86,14.43,14.79,13.2502,8312325,0.0,1.0
547,2018-06-04,14.3,14.75,14.215,14.37,12.8739,64237971,0.0,1.0
548,2018-06-01,14.51,14.51,14.02,14.3,12.8112,4893242,0.0,1.0
549,2018-05-31,14.03,14.12,13.71,13.81,12.3722,2467839,0.16,1.0
550,2018-05-30,14.02,14.23,14.0,14.17,12.5493,2854264,0.0,1.0
551,2018-05-29,14.4,14.47,13.91,13.92,12.3279,2906246,0.0,1.0
552,2018-05-25,14.53,14.655,14.43,14.53,12.8682,2062253,0.0,1.0
553,2018-05-24,14.31,14.61,14.255,14.59,12.9213,2360737,0.0,1.0
554,2018-05-23,14.37,14.47,14.28,14.39,12.7442,2304265,0.0,1.0
555,2018-05-22,14.28,14.53,14.27,14.41,12.7619,2796212,0.0,1.0
556,2018-05-21,14.12,14.32,14.05,14.27,12.6379,2188151,0.0,1.0
557,2018-05-18,14.09,14.21,14.01,14.07,12.4608,1862856,0.0,1.0
558,2018-05-17,14.18,14.25,14.065,14.13,12.5139,1572779,0.0,1.0
559,2018-05-16,13.95,14.24,13.83,14.14,12.5228,2865077,0.0,1.0
560,2018-05-15,13.75,14.0,13.66,13.98,12.3811,3799878,0.0,1.0
561,2018-05-14,13.5,13.71,13.47,13.65,12.0888,2203910,0.0,1.0
562,2018-05-11,13.6,13.69,13.44,13.47,11.9294,2010732,0.0,1.0
563,2018-05-10,13.34,13.66,13.28,13.57,12.018,2190370,0.0,1.0
564,2018-05-09,13.08,13.42,13.07,13.33,11.8054,2492279,0.0,1.0
565,2018-05-08,13.14,13.19,12.81,12.99,11.5043,4596270,0.0,1.0
566,2018-05-07,13.45,13.57,12.96,13.25,11.7346,4059786,0.0,1.0
567,2018-05-04,13.21,13.65,13.18,13.48,11.9383,2883150,0.0,1.0
568,2018-05-03,13.17,13.32,13.02,13.29,11.77,3171468,0.0,1.0
569,2018-05-02,13.11,13.36,12.95,13.25,11.7346,5193501,0.0,1.0
570,2018-05-01,13.21,13.46,12.86,13.15,11.646,1625240,0.0,1.0
571,2018-04-30,13.42,13.51,13.26,13.26,11.7434,1888382,0.0,1.0
572,2018-04-27,13.42,13.45,13.25,13.36,11.832,2420811,0.0,1.0
573,2018-04-26,13.23,13.48,13.07,13.44,11.9028,2667631,0.0,1.0
574,2018-04-25,13.6,13.7,13.03,13.26,11.7434,2550011,0.0,1.0
575,2018-04-24,13.52,13.745,13.35,13.5,11.956,3072635,0.0,1.0
576,2018-04-23,13.27,13.5,13.24,13.42,11.8851,2249808,0.0,1.0
577,2018-04-20,13.29,13.435,13.12,13.28,11.7611,2351580,0.0,1.0
578,2018-04-19,13.18,13.43,13.12,13.23,11.7169,2014219,0.0,1.0
579,2018-04-18,13.26,13.39,13.145,13.25,11.7346,1980580,0.0,1.0
580,2018-04-17,13.39,13.49,13.2,13.25,11.7346,1949253,0.0,1.0
581,2018-04-16,13.34,13.47,13.28,13.39,11.8586,1865374,0.0,1.0
582,2018-04-13,13.47,13.48,13.165,13.27,11.7523,1529726,0.0,1.0
583,2018-04-12,13.33,13.48,13.33,13.38,11.8497,1160368,0.0,1.0
584,2018-04-11,13.23,13.36,13.1,13.29,11.77,2046941,0.0,1.0
585,2018-04-10,13.55,13.55,13.25,13.39,11.8586,2156399,0.0,1.0
586,2018-04-09,13.49,13.69,13.35,13.36,11.832,2216653,0.0,1.0
587,2018-04-06,13.51,13.62,13.23,13.44,11.9028,2535347,0.0,1.0
588,2018-04-05,13.14,13.72,13.1,13.66,12.0977,4276817,0.0,1.0
589,2018-04-04,12.38,12.9,12.38,12.84,11.3715,3469942,0.0,1.0
590,2018-04-03,12.75,12.84,12.38,12.58,11.1412,4931683,0.0,1.0
591,2018-04-02,13.12,13.185,12.655,12.69,11.2386,3325040,0.0,1.0
592,2018-03-29,13.21,13.4,13.12,13.12,11.6194,2961822,0.0,1.0
593,2018-03-28,12.8,13.245,12.72,13.19,11.6814,2800935,0.0,1.0
594,2018-03-27,13.05,13.1,12.68,12.75,11.2918,2507156,0.0,1.0
595,2018-03-26,12.8,13.06,12.75,13.06,11.5663,2204457,0.0,1.0
596,2018-03-23,13.18,13.29,12.6,12.63,11.1855,2725395,0.0,1.0
597,2018-03-22,13.33,13.44,13.11,13.12,11.6194,2544251,0.0,1.0
598,2018-03-21,13.34,13.54,13.3,13.43,11.894,1249276,0.0,1.0
599,2018-03-20,13.47,13.59,13.3,13.31,11.7877,1416524,0.0,1.0
600,2018-03-19,13.51,13.64,13.29,13.47,11.9294,1745324,0.0,1.0
601,2018-03-16,13.26,13.6,13.155,13.51,11.9648,5441342,0.0,1.0
602,2018-03-15,13.31,13.31,13.03,13.21,11.6991,1821346,0.0,1.0
603,2018-03-14,13.54,13.55,13.2,13.24,11.7257,1594549,0.0,1.0
604,2018-03-13,13.59,13.71,13.415,13.47,11.9294,1496177,0.0,1.0
605,2018-03-12,13.82,13.85,13.42,13.46,11.9205,2089197,0.0,1.0
606,2018-03-09,13.7,13.86,13.59,13.86,12.2748,1806347,0.0,1.0
607,2018-03-08,13.56,13.8988,13.405,13.57,12.018,1194872,0.0,1.0
608,2018-03-07,13.34,13.56,13.34,13.53,11.9825,1915339,0.0,1.0
609,2018-03-06,13.48,13.55,13.25,13.48,11.9383,1532691,0.0,1.0
610,2018-03-05,13.04,13.46,13.03,13.43,11.894,2330781,0.0,1.0
611,2018-03-02,12.83,13.185,12.76,13.16,11.6549,2064230,0.0,1.0
612,2018-03-01,12.73,13.16,12.7,12.95,11.4689,3511668,0.16,1.0
613,2018-02-28,13.12,13.33,12.95,12.96,11.3377,3035453,0.0,1.0
614,2018-02-27,13.3,13.43,13.04,13.07,11.4339,2765852,0.0,1.0
615,2018-02-26,13.27,13.35,13.005,13.25,11.5914,1501106,0.0,1.0
616,2018-02-23,13.13,13.27,13.115,13.23,11.5739,1557196,0.0,1.0
617,2018-02-22,13.47,13.515,13.05,13.07,11.4339,2180021,0.0,1.0
618,2018-02-21,13.61,13.78,13.42,13.43,11.7488,2128143,0.0,1.0
619,2018-02-20,13.96,14.12,13.54,13.64,11.9325,2949494,0.0,1.0
620,2018-02-16,13.75,14.04,13.75,13.99,12.2387,1468398,0.0,1.0
621,2018-02-15,14.09,14.1,13.64,13.8,12.0725,2484543,0.0,1.0
622,2018-02-14,13.5,14.02,13.46,14.0,12.2475,1968862,0.0,1.0
623,2018-02-13,13.47,13.67,13.4,13.6,11.8975,1451817,0.0,1.0
624,2018-02-12,13.49,13.66,13.165,13.56,11.8625,2034265,0.0,1.0
625,2018-02-09,13.58,13.71,12.98,13.46,11.7751,4606550,0.0,1.0
626,2018-02-08,14.02,14.08,13.38,13.38,11.7051,3118211,0.0,1.0
627,2018-02-07,13.66,14.25,13.66,14.04,12.2825,3990690,0.0,1.0
628,2018-02-06,13.19,13.81,13.08,13.76,12.0375,3918509,0.0,1.0
629,2018-02-05,14.04,14.23,13.425,13.63,11.9238,3176592,0.0,1.0
630,2018-02-02,14.5,14.515,14.075,14.21,12.4312,3145932,0.0,1.0
631,2018-02-01,14.19,14.55,14.09,14.53,12.7111,2503580,0.0,1.0
632,2018-01-31,14.23,14.45,14.13,14.25,12.4662,2587910,0.0,1.0
633,2018-01-30,14.29,14.49,14.23,14.23,12.4487,2800812,0.0,1.0
634,2018-01-29,14.48,14.58,14.38,14.39,12.5886,2098687,0.0,1.0
635,2018-01-26,14.65,14.7,14.27,14.54,12.7199,2144085,0.0,1.0
636,2018-01-25,14.76,14.87,14.565,14.66,12.8248,2775766,0.0,1.0
637,2018-01-24,13.27,14.65,13.27,14.51,12.6936,8543120,0.0,1.0
638,2018-01-23,13.46,13.59,13.15,13.44,11.7576,5317411,0.0,1.0
639,2018-01-22,13.62,13.6853,13.45,13.52,11.8276,3308870,0.0,1.0
640,2018-01-19,13.31,13.61,13.31,13.6,11.8975,2969875,0.0,1.0
641,2018-01-18,13.67,13.81,13.3,13.35,11.6788,2534500,0.0,1.0
642,2018-01-17,13.83,13.9,13.62,13.71,11.9938,1947896,0.0,1.0
643,2018-01-16,14.0,14.13,13.73,13.75,12.0288,3577826,0.0,1.0
644,2018-01-12,13.71,14.03,13.66,13.88,12.1425,3879922,0.0,1.0
645,2018-01-11,13.74,14.06,13.73,13.97,12.2212,3748759,0.0,1.0
646,2018-01-10,13.61,13.78,13.54,13.68,11.9675,3423424,0.0,1.0
647,2018-01-09,13.64,13.71,13.48,13.52,11.8276,2966370,0.0,1.0
648,2018-01-08,13.97,13.98,13.48,13.69,11.9763,3269625,0.0,1.0
649,2018-01-05,14.0,14.03,13.82,14.01,12.2562,2059997,0.0,1.0
650,2018-01-04,13.86,14.03,13.805,13.94,12.195,2958547,0.0,1.0
651,2018-01-03,13.57,13.79,13.55,13.78,12.055,2548515,0.0,1.0
652,2018-01-02,13.45,13.77,13.34,13.63,11.9238,3528370,0.0,1.0
653,2017-12-29,13.4,13.515,13.27,13.32,11.6526,1832765,0.0,1.0
654,2017-12-28,13.23,13.4,13.1435,13.37,11.6963,1193606,0.0,1.0
655,2017-12-27,13.46,13.58,13.16,13.21,11.5564,1686178,0.0,1.0
656,2017-12-26,13.38,13.6401,13.35,13.46,11.7751,1735553,0.0,1.0
657,2017-12-22,13.27,13.38,13.16,13.35,11.6788,2289097,0.0,1.0
658,2017-12-21,13.16,13.285,13.07,13.12,11.4776,1932057,0.0,1.0
659,2017-12-20,13.2,13.22,13.0,13.09,11.4514,2763091,0.0,1.0
660,2017-12-19,13.31,13.38,13.13,13.13,11.4864,2867421,0.0,1.0
661,2017-12-18,13.34,13.53,13.21,13.27,11.6088,4140652,0.0,1.0
662,2017-12-15,12.64,13.27,12.56,13.2,11.5476,10943847,0.0,1.0
663,2017-12-14,12.91,13.14,12.58,12.62,11.0402,5012739,0.0,1.0
664,2017-12-13,12.94,13.305,12.9,12.94,11.3202,6617855,0.0,1.0
665,2017-12-12,12.8,13.21,12.77,12.96,11.3377,3602787,0.0,1.0
666,2017-12-11,12.83,12.94,12.6,12.76,11.1627,4673723,0.0,1.0
667,2017-12-08,12.82,12.87,12.19,12.76,11.1627,5091472,0.0,1.0
668,2017-12-07,12.88,13.02,12.67,12.73,11.1364,3952475,0.0,1.0
669,2017-12-06,13.16,13.175,12.825,12.91,11.2939,2736432,0.0,1.0
670,2017-12-05,13.3,13.42,13.03,13.13,11.4864,3296871,0.0,1.0
671,2017-12-04,13.25,13.37,13.06,13.27,11.6088,4241922,0.0,1.0
672,2017-12-01,12.65,13.1,12.41,13.01,11.3814,5356669,0.0,1.0
673,2017-11-30,12.69,12.83,12.36,12.61,11.0315,20582374,0.16,1.0
674,2017-11-29,12.16,12.88,11.88,12.83,11.0833,5452059,0.0,1.0
675,2017-11-28,11.94,12.5,11.86,12.46,10.7637,3654415,0.0,1.0
676,2017-11-27,12.35,12.35,11.95,11.98,10.349,3544831,0.0,1.0
677,2017-11-24,12.49,12.54,12.28,12.34,10.66,1252754,0.0,1.0
678,2017-11-22,12.62,12.73,12.39,12.45,10.755,2156493,0.0,1.0
679,2017-11-21,12.85,12.9,12.325,12.59,10.876,3921085,0.0,1.0
680,2017-11-20,12.5,12.83,12.43,12.82,11.0747,3526649,0.0,1.0
681,2017-11-17,12.55,12.84,12.43,12.49,10.7896,4870234,0.0,1.0
682,2017-11-16,12.62,12.95,12.4,12.76,11.0228,4847380,0.0,1.0
683,2017-11-15,12.19,12.67,11.94,12.61,10.8933,5215622,0.0,1.0
684,2017-11-14,12.01,12.43,11.865,12.35,10.6686,4708070,0.0,1.0
685,2017-11-13,12.16,12.17,11.84,12.08,10.4354,2557764,0.0,1.0
686,2017-11-10,12.1,12.28,12.045,12.21,10.5477,2328940,0.0,1.0
687,2017-11-09,11.96,12.33,11.91,12.14,10.4872,2511223,0.0,1.0
688,2017-11-08,12.11,12.35,11.88,12.05,10.4095,2538014,0.0,1.0
689,2017-11-07,12.35,12.415,12.07,12.09,10.444,2479073,0.0,1.0
690,2017-11-06,12.17,12.59,12.105,12.38,10.6946,3023495,0.0,1.0
691,2017-11-03,12.33,12.42,12.09,12.22,10.5563,3922573,0.0,1.0
692,2017-11-02,12.11,12.42,11.91,12.36,10.6773,6535425,0.0,1.0
693,2017-11-01,12.46,12.665,12.06,12.1,10.4527,5349355,0.0,1.0
694,2017-10-31,11.85,12.5,11.81,12.46,10.7637,5134518,0.0,1.0
695,2017-10-30,11.81,12.09,11.71,11.83,10.2194,4879544,0.0,1.0
696,2017-10-27,11.88,12.02,11.71,11.85,10.2367,3507721,0.0,1.0
697,2017-10-26,11.84,12.18,11.8,11.95,10.3231,5066914,0.0,1.0
698,2017-10-25,12.36,12.37,11.54,11.79,10.1849,6611672,0.0,1.0
699,2017-10-24,12.25,12.25,12.06,12.1,10.4527,2730647,0.0,1.0
700,2017-10-23,12.34,12.43,12.14,12.18,10.5218,2717510,0.0,1.0
701,2017-10-20,12.46,12.51,12.25,12.36,10.6773,4215060,0.0,1.0
702,2017-10-19,11.93,12.4,11.85,12.31,10.6341,3691660,0.0,1.0
703,2017-10-18,12.38,12.45,11.93,11.98,10.349,5183051,0.0,1.0
704,2017-10-17,11.96,12.285,11.71,12.2,10.5391,8352986,0.0,1.0
705,2017-10-16,11.58,11.76,11.51,11.73,10.1331,3617385,0.0,1.0
706,2017-10-13,11.77,11.88,11.481,11.62,10.038,3937532,0.0,1.0
707,2017-10-12,11.76,11.98,11.67,11.8,10.1935,5829766,0.0,1.0
708,2017-10-11,12.43,12.47,11.71,11.79,10.1849,6251413,0.0,1.0
709,2017-10-10,12.28,12.53,12.24,12.47,10.7723,4035590,0.0,1.0
710,2017-10-09,12.71,12.71,12.09,12.22,10.5563,4371270,0.0,1.0
711,2017-10-06,12.61,12.78,12.5101,12.6,10.8846,5148036,0.0,1.0
712,2017-10-05,13.86,13.94,12.5537,12.605,10.8889,15109472,0.0,1.0
713,2017-10-04,14.96,14.97,14.65,14.7,12.6987,1776680,0.0,1.0
714,2017-10-03,14.97,15.1,14.91,14.96,12.9233,1692062,0.0,1.0
715,2017-10-02,15.01,15.02,14.69,14.9,12.8715,4941173,0.0,1.0
716,2017-09-29,14.95,15.22,14.89,15.02,12.9751,2656237,0.0,1.0
717,2017-09-28,15.56,15.61,14.885,14.92,12.8888,3876998,0.0,1.0
718,2017-09-27,15.25,15.605,15.09,15.53,13.4157,2650616,0.0,1.0
719,2017-09-26,14.86,15.22,14.7,15.18,13.1134,2788263,0.0,1.0
720,2017-09-25,14.78,14.97,14.64,14.82,12.8024,2029716,0.0,1.0
721,2017-09-22,14.02,14.8,14.0,14.78,12.7678,2807046,0.0,1.0
722,2017-09-21,14.08,14.13,13.76,14.03,12.1199,2201077,0.0,1.0
723,2017-09-20,14.05,14.15,13.8,14.06,12.1458,2042509,0.0,1.0
724,2017-09-19,13.95,14.12,13.87,14.07,12.1545,1798638,0.0,1.0
725,2017-09-18,14.03,14.16,13.84,13.96,12.0595,3106929,0.0,1.0
726,2017-09-15,13.75,13.94,13.55,13.94,12.0422,6719781,0.0,1.0
727,2017-09-14,14.22,14.3514,13.76,13.78,11.904,3887702,0.0,1.0
728,2017-09-13,14.41,14.58,14.36,14.44,12.4741,2246777,0.0,1.0
729,2017-09-12,14.14,14.57,14.04,14.42,12.4568,2481221,0.0,1.0
730,2017-09-11,13.61,14.21,13.61,14.13,12.2063,3182135,0.0,1.0
731,2017-09-08,13.36,13.91,13.27,13.51,11.6707,4237916,0.0,1.0
732,2017-09-07,13.78,13.8,13.09,13.14,11.3511,3233539,0.0,1.0
733,2017-09-06,13.91,14.205,13.76,13.8,11.9212,2333232,0.0,1.0
734,2017-09-05,13.86,13.96,13.62,13.84,11.9558,2895604,0.0,1.0
735,2017-09-01,13.25,13.8,13.25,13.75,11.878,3366893,0.0,1.0
736,2017-08-31,13.39,13.39,13.17,13.2,11.4029,2955975,0.0,1.0
737,2017-08-30,13.38,13.455,13.25,13.28,11.472,2163771,0.16,1.0
738,2017-08-29,13.38,13.64,13.38,13.52,11.5403,1560954,0.0,1.0
739,2017-08-28,13.67,13.72,13.51,13.6,11.6086,1116005,0.0,1.0
740,2017-08-25,13.67,13.79,13.63,13.63,11.6342,1077031,0.0,1.0
741,2017-08-24,13.69,13.74,13.6,13.62,11.6257,997011,0.0,1.0
742,2017-08-23,13.54,13.81,13.44,13.63,11.6342,1148522,0.0,1.0
743,2017-08-22,13.57,13.7,13.51,13.66,11.6598,1240471,0.0,1.0
744,2017-08-21,13.57,13.64,13.36,13.51,11.5318,1351713,0.0,1.0
745,2017-08-18,13.6,13.71,13.54,13.6,11.6086,1550343,0.0,1.0
746,2017-08-17,13.93,14.05,13.635,13.64,11.6428,1352532,0.0,1.0
747,2017-08-16,13.9,14.15,13.88,14.0,11.95,1658362,0.0,1.0
748,2017-08-15,13.98,14.06,13.79,13.81,11.7879,1225531,0.0,1.0
749,2017-08-14,13.78,14.1,13.78,13.93,11.8903,1327211,0.0,1.0
750,2017-08-11,13.77,13.91,13.56,13.68,11.6769,1485029,0.0,1.0
751,2017-08-10,14.04,14.15,13.69,13.7,11.694,1794593,0.0,1.0
752,2017-08-09,14.34,14.41,14.08,14.15,12.0781,1527524,0.0,1.0
753,2017-08-08,14.5,14.665,14.365,14.48,12.3598,1449115,0.0,1.0
754,2017-08-07,14.295,14.68,14.295,14.55,12.4195,1403187,0.0,1.0
755,2017-08-04,14.29,14.4,14.09,14.27,12.1805,3007467,0.0,1.0
756,2017-08-03,14.31,14.59,14.195,14.22,12.1378,1946647,0.0,1.0
757,2017-08-02,14.79,14.88,14.32,14.32,12.2232,2607845,0.0,1.0
758,2017-08-01,14.75,14.95,14.7,14.85,12.6756,1902235,0.0,1.0
759,2017-07-31,14.73,14.955,14.69,14.75,12.5902,1635713,0.0,1.0
760,2017-07-28,14.59,14.735,14.56,14.68,12.5305,1226470,0.0,1.0
761,2017-07-27,14.63,14.73,14.46,14.59,12.4536,1549944,0.0,1.0
762,2017-07-26,14.95,14.99,14.61,14.65,12.5049,2015297,0.0,1.0
763,2017-07-25,14.96,15.235,14.84,15.0,12.8036,2805201,0.0,1.0
764,2017-07-24,14.9,15.07,14.82,14.86,12.6841,1765815,0.0,1.0
765,2017-07-21,14.94,15.09,14.8,14.95,12.7609,2356451,0.0,1.0
766,2017-07-20,15.2,15.29,14.89,14.93,12.7439,3294666,0.0,1.0
767,2017-07-19,16.92,16.92,15.27,15.29,13.0511,4395194,0.0,1.0
768,2017-07-18,16.43,16.48,16.242,16.4,13.9986,2071521,0.0,1.0
769,2017-07-17,16.52,16.68,16.4,16.49,14.0754,1332102,0.0,1.0
770,2017-07-14,16.5,16.685,16.37,16.57,14.1437,1187070,0.0,1.0
771,2017-07-13,16.6,16.72,16.29,16.63,14.1949,1829246,0.0,1.0
772,2017-07-12,16.34,16.665,16.29,16.57,14.1437,1347202,0.0,1.0
773,2017-07-11,16.35,16.4,16.16,16.32,13.9303,1292489,0.0,1.0
774,2017-07-10,16.19,16.53,16.05,16.39,13.9901,2297728,0.0,1.0
775,2017-07-07,16.13,16.25,15.95,16.18,13.8108,2832419,0.0,1.0
776,2017-07-06,16.62,16.7,16.035,16.05,13.6999,4161819,0.0,1.0
777,2017-07-05,16.82,16.89,16.46,16.68,14.2376,3160455,0.0,1.0
778,2017-07-03,16.8,16.93,16.65,16.81,14.3486,1557748,0.0,1.0
779,2017-06-30,16.72,16.8,16.59,16.65,14.212,2283435,0.0,1.0
780,2017-06-29,16.75,16.97,16.46,16.64,14.2035,1957894,0.0,1.0
781,2017-06-28,16.59,16.71,16.41,16.65,14.212,2347508,0.0,1.0
782,2017-06-27,16.33,16.56,16.3,16.49,14.0754,1999072,0.0,1.0
783,2017-06-26,16.05,16.43,15.99,16.29,13.9047,1925940,0.0,1.0
784,2017-06-23,15.95,16.165,15.82,15.96,13.623,2830631,0.0,1.0
785,2017-06-22,15.97,16.02,15.72,15.87,13.5462,2329771,0.0,1.0
786,2017-06-21,16.4,16.43,15.78,15.98,13.6401,3291811,0.0,1.0
787,2017-06-20,16.39,16.57,16.27,16.44,14.0328,3014470,0.0,1.0
788,2017-06-19,15.62,16.525,15.405,16.43,14.0242,3904947,0.0,1.0
789,2017-06-16,15.57,15.86,15.43,15.525,13.2517,7391711,0.0,1.0
790,2017-06-15,15.54,15.97,15.54,15.85,13.5291,1955834,0.0,1.0
791,2017-06-14,15.48,15.695,15.26,15.65,13.3584,1908268,0.0,1.0
792,2017-06-13,15.5,15.65,15.33,15.57,13.2901,2545335,0.0,1.0
793,2017-06-12,15.23,15.67,15.21,15.48,13.2133,2994167,0.0,1.0
794,2017-06-09,14.96,15.39,14.96,15.26,13.0255,2571281,0.0,1.0
795,2017-06-08,14.6,15.06,14.52,14.91,12.7268,2856067,0.0,1.0
796,2017-06-07,14.52,14.7,14.46,14.63,12.4878,2473422,0.0,1.0
797,2017-06-06,14.14,14.455,14.02,14.43,12.3171,2089668,0.0,1.0
798,2017-06-05,14.21,14.39,14.09,14.27,12.1805,1892853,0.0,1.0
799,2017-06-02,14.61,14.62,14.2,14.22,12.1378,3340800,0.0,1.0
800,2017-06-01,14.48,14.645,14.3,14.63,12.4878,2448769,0.0,1.0
801,2017-05-31,14.6,14.6,14.06,14.43,12.3171,4789350,0.16,1.0
802,2017-05-30,14.38,14.77,14.34,14.68,12.3931,3534739,0.0,1.0
803,2017-05-26,14.33,14.555,14.27,14.48,12.2242,1801487,0.0,1.0
804,2017-05-25,14.4,14.6,14.31,14.39,12.1482,2422611,0.0,1.0
805,2017-05-24,14.29,14.42,14.18,14.41,12.1651,2451618,0.0,1.0
806,2017-05-23,14.05,14.34,13.97,14.24,12.0216,3000624,0.0,1.0
807,2017-05-22,14.06,14.13,13.92,14.07,11.8781,1686256,0.0,1.0
808,2017-05-19,13.73,14.14,13.655,13.94,11.7683,1906119,0.0,1.0
809,2017-05-18,13.62,13.82,13.36,13.71,11.5742,2448762,0.0,1.0
810,2017-05-17,14.12,14.19,13.61,13.64,11.5151,2521116,0.0,1.0
811,2017-05-16,14.4,14.5,14.31,14.42,12.1736,2037310,0.0,1.0
812,2017-05-15,14.01,14.4,14.0,14.4,12.1567,2796863,0.0,1.0
813,2017-05-12,14.3,14.32,13.96,14.0,11.819,1879359,0.0,1.0
814,2017-05-11,14.4,14.47,14.16,14.35,12.1145,2370340,0.0,1.0
815,2017-05-10,14.52,14.595,14.2,14.47,12.2158,2867806,0.0,1.0
816,2017-05-09,14.74,14.83,14.52,14.6,12.3255,2602747,0.0,1.0
817,2017-05-08,15.02,15.09,14.68,14.74,12.4437,1912219,0.0,1.0
818,2017-05-05,15.18,15.285,14.97,14.98,12.6463,1829452,0.0,1.0
819,2017-05-04,15.5,15.67,15.115,15.16,12.7983,1842038,0.0,1.0
820,2017-05-03,15.34,15.5,15.29,15.45,13.0431,1911505,0.0,1.0
821,2017-05-02,15.46,15.51,15.27,15.41,13.0093,2377427,0.0,1.0
822,2017-05-01,15.23,15.48,15.205,15.45,13.0431,3007198,0.0,1.0
823,2017-04-28,15.51,15.51,15.115,15.2,12.832,2751473,0.0,1.0
824,2017-04-27,15.86,15.96,15.53,15.54,13.1191,2260538,0.0,1.0
825,2017-04-26,15.92,16.05,15.73,15.86,13.3892,1566431,0.0,1.0
826,2017-04-25,15.88,15.98,15.8,15.87,13.3977,2001451,0.0,1.0
827,2017-04-24,16.16,16.24,15.76,15.76,13.3048,3788620,0.0,1.0
828,2017-04-21,16.0,16.39,15.77,15.78,13.3217,4301615,0.0,1.0
829,2017-04-20,15.13,16.13,15.09,16.01,13.5159,4143710,0.0,1.0
830,2017-04-19,15.1,15.19,14.15,15.11,12.7561,4949255,0.0,1.0
831,2017-04-18,14.81,15.12,14.78,15.05,12.7054,3190483,0.0,1.0
832,2017-04-17,14.71,14.96,14.61,14.93,12.6041,1637159,0.0,1.0
833,2017-04-13,14.6,14.95,14.6,14.68,12.3931,2313212,0.0,1.0
834,2017-04-12,14.88,14.925,14.575,14.67,12.3846,2401227,0.0,1.0
835,2017-04-11,14.52,14.9,14.46,14.89,12.5703,1593783,0.0,1.0
836,2017-04-10,14.73,14.89,14.585,14.63,12.3508,1925223,0.0,1.0
837,2017-04-07,14.56,14.79,14.46,14.68,12.3931,1934475,0.0,1.0
838,2017-04-06,14.44,14.72,14.36,14.62,12.3424,2256420,0.0,1.0
839,2017-04-05,14.85,14.97,14.41,14.43,12.182,2970491,0.0,1.0
840,2017-04-04,14.67,14.825,14.54,14.73,12.4353,2203684,0.0,1.0
841,2017-04-03,14.83,14.92,14.54,14.75,12.4521,2609724,0.0,1.0
842,2017-03-31,14.82,14.92,14.73,14.76,12.4606,1961380,0.0,1.0
843,2017-03-30,14.53,14.93,14.38,14.87,12.5535,1527840,0.0,1.0
844,2017-03-29,14.49,14.655,14.4,14.52,12.258,1524064,0.0,1.0
845,2017-03-28,13.96,14.62,13.75,14.5,12.2411,2181553,0.0,1.0
846,2017-03-27,13.79,14.02,13.67,14.0,11.819,2008801,0.0,1.0
847,2017-03-24,14.02,14.11,13.87,13.99,11.8105,1768150,0.0,1.0
848,2017-03-23,13.96,14.195,13.87,14.03,11.8443,2867102,0.0,1.0
849,2017-03-22,13.98,14.06,13.77,13.92,11.7515,3718998,0.0,1.0
850,2017-03-21,14.78,14.78,14.05,14.06,11.8696,2911922,0.0,1.0
851,2017-03-20,14.93,14.99,14.67,14.71,12.4184,2185037,0.0,1.0
852,2017-03-17,14.69,15.02,14.615,14.99,12.6548,6747233,0.0,1.0
853,2017-03-16,14.78,14.84,14.52,14.64,12.3593,3089738,0.0,1.0
854,2017-03-15,14.52,14.75,14.49,14.66,12.3762,1742131,0.0,1.0
855,2017-03-14,14.4,14.5,14.14,14.46,12.2073,1891064,0.0,1.0
856,2017-03-13,14.55,14.61,14.44,14.51,12.2495,1511270,0.0,1.0
857,2017-03-10,14.53,14.66,14.355,14.52,12.258,1870181,0.0,1.0
858,2017-03-09,14.55,14.695,14.36,14.46,12.2073,2071331,0.0,1.0
859,2017-03-08,14.56,14.795,14.43,14.51,12.2495,2693421,0.0,1.0
860,2017-03-07,14.64,14.83,14.51,14.54,12.2749,2810865,0.0,1.0
861,2017-03-06,14.72,14.85,14.36,14.6,12.3255,2595402,0.0,1.0
862,2017-03-03,15.02,15.1,14.75,14.905,12.583,3047290,0.0,1.0
863,2017-03-02,15.3,15.3529,14.93,14.93,12.6041,2710515,0.0,1.0
864,2017-03-01,15.44,15.82,15.22,15.34,12.9502,2611281,0.16,1.0
865,2017-02-28,15.55,15.57,15.18,15.41,12.875,3356923,0.0,1.0
866,2017-02-27,15.38,15.62,15.35,15.57,13.0087,1326784,0.0,1.0
867,2017-02-24,15.25,15.505,15.12,15.38,12.85,1554738,0.0,1.0
868,2017-02-23,15.54,15.7,15.27,15.47,12.9252,1439472,0.0,1.0
869,2017-02-22,15.37,15.6,15.32,15.51,12.9586,1577978,0.0,1.0
870,2017-02-21,15.45,15.76,15.4,15.46,12.9168,2068295,0.0,1.0
871,2017-02-17,15.43,15.5,15.02,15.45,12.9085,1852792,0.0,1.0
872,2017-02-16,15.66,15.76,15.44,15.49,12.9419,1780703,0.0,1.0
873,2017-02-15,15.71,15.8439,15.535,15.69,13.109,2188406,0.0,1.0
874,2017-02-14,15.53,15.86,15.52,15.79,13.1925,1740174,0.0,1.0
875,2017-02-13,15.67,15.84,15.57,15.66,13.0839,1830247,0.0,1.0
876,2017-02-10,15.47,15.66,15.39,15.58,13.0171,1474551,0.0,1.0
877,2017-02-09,15.38,15.51,15.24,15.39,12.8583,2593698,0.0,1.0
878,2017-02-08,15.26,15.35,15.08,15.29,12.7748,1688086,0.0,1.0
879,2017-02-07,15.48,15.55,15.21,15.33,12.8082,1869596,0.0,1.0
880,2017-02-06,15.39,15.61,15.29,15.48,12.9335,1964816,0.0,1.0
881,2017-02-03,15.22,15.505,15.13,15.49,12.9419,2813693,0.0,1.0
882,2017-02-02,14.94,15.24,14.9,15.11,12.6244,2629687,0.0,1.0
883,2017-02-01,15.17,15.39,14.94,15.0,12.5325,3864146,0.0,1.0
884,2017-01-31,15.07,15.28,14.76,15.04,12.5659,3265109,0.0,1.0
885,2017-01-30,15.04,15.13,14.76,15.11,12.6244,2015990,0.0,1.0
886,2017-01-27,15.25,15.32,15.12,15.21,12.7079,2174975,0.0,1.0
887,2017-01-26,15.5,15.5,15.2,15.29,12.7748,2985732,0.0,1.0
888,2017-01-25,15.19,15.785,15.11,15.72,13.134,4151560,0.0,1.0
889,2017-01-24,16.0,16.29,15.85,16.21,13.5434,2843384,0.0,1.0
890,2017-01-23,15.93,16.16,15.7,15.91,13.2928,1945434,0.0,1.0
891,2017-01-20,15.94,16.26,15.77,15.96,13.3346,3225040,0.0,1.0
892,2017-01-19,15.76,15.92,15.56,15.86,13.251,2760958,0.0,1.0
893,2017-01-18,15.78,16.07,15.06,16.05,13.4098,6852830,0.0,1.0
894,2017-01-17,16.58,16.605,15.675,15.77,13.1758,3640574,0.0,1.0
895,2017-01-13,16.64,17.05,16.56,16.85,14.0782,2185556,0.0,1.0
896,2017-01-12,16.77,16.81,16.29,16.55,13.8275,2154039,0.0,1.0
897,2017-01-11,16.8,16.86,16.63,16.85,14.0782,2505918,0.0,1.0
898,2017-01-10,16.61,16.92,16.5,16.82,14.0531,2685363,0.0,1.0
899,2017-01-09,16.75,16.785,16.42,16.5,13.7857,1894192,0.0,1.0
900,2017-01-06,16.68,16.945,16.56,16.81,14.0447,2240235,0.0,1.0
901,2017-01-05,16.8,16.95,16.44,16.52,13.8024,1972358,0.0,1.0
902,2017-01-04,16.33,16.84,16.33,16.83,14.0614,2787088,0.0,1.0
903,2017-01-03,16.64,16.9,16.36,16.62,13.886,2919904,0.0,1.0
904,2016-12-30,16.41,16.54,16.25,16.43,13.7272,1552954,0.0,1.0
905,2016-12-29,16.44,16.68,16.275,16.38,13.6855,1010932,0.0,1.0
906,2016-12-28,16.69,16.69,16.34,16.45,13.744,1397026,0.0,1.0
907,2016-12-27,16.67,16.8,16.54,16.68,13.9361,1050134,0.0,1.0
908,2016-12-23,16.58,16.71,16.48,16.66,13.9194,990467,0.0,1.0
909,2016-12-22,16.68,16.72,16.43,16.63,13.8943,6470097,0.0,1.0
910,2016-12-21,16.75,16.82,16.62,16.69,13.9445,1293742,0.0,1.0
911,2016-12-20,16.76,16.8,16.55,16.73,13.9779,2636000,0.0,1.0
912,2016-12-19,16.44,16.74,16.44,16.69,13.9445,2765213,0.0,1.0
913,2016-12-16,16.74,16.89,16.25,16.37,13.6771,10807455,0.0,1.0
914,2016-12-15,16.42,16.975,16.28,16.8,14.0364,3628238,0.0,1.0
915,2016-12-14,16.32,16.76,16.12,16.37,13.6771,3237775,0.0,1.0
916,2016-12-13,16.85,16.94,16.3125,16.36,13.6688,2954276,0.0,1.0
917,2016-12-12,17.31,17.31,16.524,16.7,13.9528,3090449,0.0,1.0
918,2016-12-09,17.2,17.43,16.99,17.31,14.4625,2843038,0.0,1.0
919,2016-12-08,17.1,17.32,16.625,17.09,14.2787,3950439,0.0,1.0
920,2016-12-07,17.01,17.48,16.86,17.28,14.4374,3364494,0.0,1.0
921,2016-12-06,16.97,17.16,16.67,17.03,14.2285,3161538,0.0,1.0
922,2016-12-05,16.85,17.05,16.69,17.0,14.2035,2593252,0.0,1.0
923,2016-12-02,16.93,17.08,16.61,16.66,13.9194,2505067,0.0,1.0
924,2016-12-01,17.35,17.54,16.8603,16.93,14.145,3817179,0.0,1.0
925,2016-11-30,17.27,17.43,17.105,17.23,14.3956,3971186,0.16,1.0
926,2016-11-29,17.51,17.73,17.17,17.19,14.2301,2882134,0.0,1.0
927,2016-11-28,17.56,17.71,17.235,17.49,14.4784,2307344,0.0,1.0
928,2016-11-25,17.86,17.88,17.46,17.65,14.6109,1125079,0.0,1.0
929,2016-11-23,17.52,17.91,17.4462,17.85,14.7764,2853858,0.0,1.0
930,2016-11-22,17.81,17.95,17.3997,17.44,14.437,4354474,0.0,1.0
931,2016-11-21,17.74,17.86,17.6,17.72,14.6688,2553045,0.0,1.0
932,2016-11-18,17.74,17.75,17.55,17.62,14.586,2914906,0.0,1.0
933,2016-11-17,17.73,17.78,17.52,17.69,14.644,3668427,0.0,1.0
934,2016-11-16,17.26,17.77,17.01,17.69,14.644,3041723,0.0,1.0
935,2016-11-15,17.35,17.48,16.71,17.42,14.4205,5022592,0.0,1.0
936,2016-11-14,17.13,17.62,17.1,17.59,14.5612,5609703,0.0,1.0
937,2016-11-11,16.76,17.08,16.6,17.05,14.1142,5018156,0.0,1.0
938,2016-11-10,16.02,16.9,16.01,16.84,13.9404,8050258,0.0,1.0
939,2016-11-09,14.745,16.23,14.54,15.77,13.0546,12704626,0.0,1.0
940,2016-11-08,13.39,13.685,13.32,13.46,11.1423,3194291,0.0,1.0
941,2016-11-07,13.63,13.79,13.47,13.56,11.2251,3548791,0.0,1.0
942,2016-11-04,13.28,13.64,13.19,13.32,11.0265,3326085,0.0,1.0
943,2016-11-03,13.28,13.56,13.15,13.23,10.952,3617206,0.0,1.0
944,2016-11-02,13.03,13.33,12.94,13.27,10.9851,4796953,0.0,1.0
945,2016-11-01,12.87,13.07,12.77,13.03,10.7864,4470210,0.0,1.0
946,2016-10-31,12.92,13.02,12.66,12.78,10.5794,3588833,0.0,1.0
947,2016-10-28,12.87,13.15,12.83,12.9,10.6788,2686725,0.0,1.0
948,2016-10-27,13.19,13.205,12.83,12.83,10.6208,2780406,0.0,1.0
949,2016-10-26,13.08,13.25,13.01,13.14,10.8774,2320599,0.0,1.0
950,2016-10-25,13.11,13.275,13.01,13.15,10.8857,2393521,0.0,1.0
951,2016-10-24,13.1,13.34,13.1,13.19,10.9188,2562102,0.0,1.0
952,2016-10-21,13.15,13.27,13.02,13.03,10.7864,3928586,0.0,1.0
953,2016-10-20,13.35,13.63,13.14,13.21,10.9354,3806382,0.0,1.0
954,2016-10-19,14.0,14.23,13.27,13.45,11.1341,6421448,0.0,1.0
955,2016-10-18,13.74,13.9394,13.4,13.61,11.2665,3688266,0.0,1.0
956,2016-10-17,13.87,13.97,13.53,13.565,11.2293,4251376,0.0,1.0
957,2016-10-14,14.04,14.16,13.83,13.91,11.5149,2940383,0.0,1.0
958,2016-10-13,13.97,14.02,13.78,13.9,11.5066,2496345,0.0,1.0
959,2016-10-12,14.13,14.26,14.0925,14.11,11.6804,2550512,0.0,1.0
960,2016-10-11,14.33,14.44,14.03,14.11,11.6804,3863524,0.0,1.0
961,2016-10-10,14.69,14.79,14.33,14.37,11.8957,3804030,0.0,1.0
962,2016-10-07,14.72,14.755,14.54,14.56,12.0529,2299549,0.0,1.0
963,2016-10-06,14.75,14.825,14.555,14.71,12.1771,2396336,0.0,1.0
964,2016-10-05,14.73,14.92,14.64,14.78,12.2351,3584692,0.0,1.0
965,2016-10-04,14.35,14.7,14.31,14.64,12.1192,2983655,0.0,1.0
966,2016-10-03,14.37,14.49,14.22,14.33,11.8625,3433945,0.0,1.0
967,2016-09-30,14.41,14.68,14.12,14.47,11.9784,3148317,0.0,1.0
968,2016-09-29,14.55,14.66,14.16,14.31,11.846,3676052,0.0,1.0
969,2016-09-28,14.52,14.635,14.29,14.56,12.0529,2323470,0.0,1.0
970,2016-09-27,13.94,14.56,13.9016,14.49,11.995,4190848,0.0,1.0
971,2016-09-26,13.88,13.9,13.73,13.88,11.49,2431891,0.0,1.0
972,2016-09-23,13.7,14.01,13.68,13.88,11.49,3407947,0.0,1.0
973,2016-09-22,13.37,13.79,13.31,13.72,11.3576,3868438,0.0,1.0
974,2016-09-21,13.86,13.9,13.14,13.28,10.9933,6325767,0.0,1.0
975,2016-09-20,13.88,13.97,13.78,13.79,11.4155,2158606,0.0,1.0
976,2016-09-19,13.73,13.98,13.63,13.77,11.399,3272534,0.0,1.0
977,2016-09-16,13.66,13.76,13.46,13.58,11.2417,5876480,0.0,1.0
978,2016-09-15,13.56,13.97,13.49,13.83,11.4486,2727145,0.0,1.0
979,2016-09-14,13.78,13.87,13.42,13.56,11.2251,3855704,0.0,1.0
980,2016-09-13,14.19,14.24,13.66,13.8,11.4238,3412299,0.0,1.0
981,2016-09-12,14.09,14.52,13.93,14.4,11.9205,3810539,0.0,1.0
982,2016-09-09,14.61,14.7,14.23,14.23,11.7798,2212238,0.0,1.0
983,2016-09-08,14.72,14.82,14.66,14.68,12.1523,2310387,0.0,1.0
984,2016-09-07,14.34,14.74,14.28,14.7,12.1688,2755573,0.0,1.0
985,2016-09-06,14.49,14.64,14.22,14.38,11.9039,2164849,0.0,1.0
986,2016-09-02,14.45,14.53,14.14,14.48,11.9867,1661593,0.0,1.0
987,2016-09-01,14.44,14.54,14.14,14.38,11.9039,2025831,0.0,1.0
988,2016-08-31,14.25,14.52,14.11,14.38,11.9039,5094399,0.16,1.0
989,2016-08-30,14.17,14.46,14.17,14.41,11.7975,2325313,0.0,1.0
990,2016-08-29,14.23,14.39,14.17,14.17,11.601,2325821,0.0,1.0
991,2016-08-26,14.42,14.59,14.13,14.25,11.6665,1699207,0.0,1.0
992,2016-08-25,14.36,14.42,14.25,14.35,11.7484,1859472,0.0,1.0
993,2016-08-24,14.49,14.67,14.31,14.35,11.7484,2138726,0.0,1.0
994,2016-08-23,14.46,14.61,14.46,14.51,11.8794,1669191,0.0,1.0
995,2016-08-22,14.12,14.38,14.03,14.37,11.7648,1861075,0.0,1.0
996,2016-08-19,14.47,14.52,14.14,14.15,11.5846,1999023,0.0,1.0
997,2016-08-18,14.57,14.655,14.41,14.56,11.9203,2712886,0.0,1.0
998,2016-08-17,13.98,14.62,13.89,14.54,11.9039,5110888,0.0,1.0
999,2016-08-16,13.72,13.96,13.572,13.91,11.3882,2510052,0.0,1.0
1000,2016-08-15,13.57,13.84,13.49,13.82,11.3145,1824649,0.0,1.0
1001,2016-08-12,13.61,13.62,13.32,13.49,11.0443,2496545,0.0,1.0
1002,2016-08-11,13.7,13.818,13.59,13.64,11.1671,2456235,0.0,1.0
1003,2016-08-10,14.21,14.22,13.55,13.61,11.1425,3735080,0.0,1.0
1004,2016-08-09,14.39,14.5,14.19,14.21,11.6338,2324261,0.0,1.0
1005,2016-08-08,14.57,14.65,14.3,14.36,11.7566,2848218,0.0,1.0
1006,2016-08-05,14.37,14.59,14.34,14.53,11.8957,3775468,0.0,1.0
1007,2016-08-04,13.8,14.31,13.8,14.24,11.6583,3160416,0.0,1.0
1008,2016-08-03,13.54,13.84,13.53,13.83,11.3227,3171850,0.0,1.0
1009,2016-08-02,13.98,14.11,13.52,13.54,11.0852,3129235,0.0,1.0
1010,2016-08-01,14.17,14.26,13.975,13.99,11.4536,1662526,0.0,1.0
1011,2016-07-29,14.0,14.22,13.895,14.2,11.6256,3095884,0.0,1.0
1012,2016-07-28,14.11,14.23,13.97,14.09,11.5355,2050435,0.0,1.0
1013,2016-07-27,14.27,14.47,14.03,14.11,11.5519,3611285,0.0,1.0
1014,2016-07-26,14.18,14.405,14.1,14.22,11.6419,2603814,0.0,1.0
1015,2016-07-25,14.38,14.4,14.14,14.17,11.601,2822674,0.0,1.0
1016,2016-07-22,14.32,14.43,14.23,14.4,11.7893,2451522,0.0,1.0
1017,2016-07-21,14.22,14.48,14.1,14.29,11.6993,3264066,0.0,1.0
1018,2016-07-20,14.0,14.47,13.8,14.37,11.7648,4707967,0.0,1.0
1019,2016-07-19,13.86,13.95,13.7,13.77,11.2735,3257084,0.0,1.0
1020,2016-07-18,13.82,14.0,13.82,13.88,11.3636,2226544,0.0,1.0
1021,2016-07-15,13.81,13.91,13.69,13.86,11.3472,2127353,0.0,1.0
1022,2016-07-14,13.86,13.96,13.625,13.74,11.249,1973743,0.0,1.0
1023,2016-07-13,13.73,13.73,13.42,13.62,11.1507,3347568,0.0,1.0
1024,2016-07-12,13.3,13.85,13.245,13.64,11.1671,3686876,0.0,1.0
1025,2016-07-11,12.82,13.16,12.8,13.11,10.7332,2471251,0.0,1.0
1026,2016-07-08,12.35,12.73,12.24,12.69,10.3893,2544745,0.0,1.0
1027,2016-07-07,11.8,12.3,11.75,12.15,9.9472,2219590,0.0,1.0
1028,2016-07-06,11.71,11.83,11.53,11.81,9.6689,2412984,0.0,1.0
1029,2016-07-05,12.17,12.3,11.59,11.79,9.6525,2780514,0.0,1.0
1030,2016-07-01,11.94,12.36,11.92,12.3,10.07,3072625,0.0,1.0
1031,2016-06-30,11.78,11.96,11.45,11.95,9.7835,2469700,0.0,1.0
1032,2016-06-29,11.59,11.73,11.44,11.7,9.5788,2752592,0.0,1.0
1033,2016-06-28,11.22,11.48,11.22,11.42,9.3496,2828748,0.0,1.0
1034,2016-06-27,11.5,11.555,11.01,11.01,9.0139,2597289,0.0,1.0
1035,2016-06-24,11.69,11.98,11.49,11.67,9.5543,6588952,0.0,1.0
1036,2016-06-23,12.3,12.49,12.3,12.35,10.111,4183989,0.0,1.0
1037,2016-06-22,12.23,12.37,12.04,12.07,9.8817,2002785,0.0,1.0
1038,2016-06-21,12.29,12.39,12.15,12.24,10.0209,2467756,0.0,1.0
1039,2016-06-20,12.37,12.46,12.2,12.26,10.0373,1747230,0.0,1.0
1040,2016-06-17,12.08,12.2,11.98,12.12,9.9227,5179879,0.0,1.0
1041,2016-06-16,12.15,12.15,11.87,12.06,9.8736,2873718,0.0,1.0
1042,2016-06-15,12.17,12.43,12.05,12.22,10.0045,3411901,0.0,1.0
1043,2016-06-14,12.69,12.82,12.14,12.15,9.9472,3921622,0.0,1.0
1044,2016-06-13,12.89,13.01,12.75,12.75,10.4385,3002754,0.0,1.0
1045,2016-06-10,13.01,13.1,12.84,12.95,10.6022,2156997,0.0,1.0
1046,2016-06-09,13.31,13.36,13.1,13.21,10.8151,1800884,0.0,1.0
1047,2016-06-08,13.46,13.62,13.4,13.44,11.0034,1440402,0.0,1.0
1048,2016-06-07,13.58,13.67,13.285,13.42,10.987,2175294,0.0,1.0
1049,2016-06-06,13.28,13.66,13.25,13.58,11.118,2431768,0.0,1.0
1050,2016-06-03,13.57,13.61,13.05,13.26,10.856,2391488,0.0,1.0
1051,2016-06-02,13.55,13.66,13.35,13.63,11.1589,2502845,0.0,1.0
1052,2016-06-01,13.39,13.65,13.23,13.59,11.1262,3281317,0.16,1.0
1053,2016-05-31,13.51,13.82,13.49,13.71,11.0938,5073969,0.0,1.0
1054,2016-05-27,13.34,13.6,13.28,13.48,10.9077,2356340,0.0,1.0
1055,2016-05-26,13.4,13.49,13.29,13.35,10.8025,2268576,0.0,1.0
1056,2016-05-25,13.08,13.385,13.0,13.33,10.7863,1914555,0.0,1.0
1057,2016-05-24,12.81,13.0,12.77,12.98,10.5031,2358371,0.0,1.0
1058,2016-05-23,12.62,12.88,12.58,12.72,10.2927,2067068,0.0,1.0
1059,2016-05-20,12.48,12.795,12.48,12.69,10.2684,3146637,0.0,1.0
1060,2016-05-19,12.64,12.83,12.345,12.42,10.05,3178728,0.0,1.0
1061,2016-05-18,12.5,12.89,12.5,12.75,10.317,3606608,0.0,1.0
1062,2016-05-17,12.45,12.805,12.45,12.59,10.1875,2275464,0.0,1.0
1063,2016-05-16,12.4,12.63,12.35,12.5,10.1147,2595460,0.0,1.0
1064,2016-05-13,12.45,12.62,12.17,12.31,9.961,2462910,0.0,1.0
1065,2016-05-12,12.86,13.03,12.41,12.49,10.1066,3871652,0.0,1.0
1066,2016-05-11,13.2,13.26,12.75,12.75,10.317,5722636,0.0,1.0
1067,2016-05-10,13.23,13.345,13.08,13.24,10.7135,2283215,0.0,1.0
1068,2016-05-09,13.05,13.29,13.0,13.17,10.6568,2272854,0.0,1.0
1069,2016-05-06,12.99,13.36,12.97,13.12,10.6164,3578308,0.0,1.0
1070,2016-05-05,13.07,13.26,12.91,13.09,10.5921,3715042,0.0,1.0
1071,2016-05-04,13.0,13.2201,12.85,12.96,10.4869,3581567,0.0,1.0
1072,2016-05-03,13.44,13.46,13.02,13.15,10.6407,3711575,0.0,1.0
1073,2016-05-02,13.75,13.87,13.44,13.65,11.0452,2607045,0.0,1.0
1074,2016-04-29,13.46,13.69,13.32,13.67,11.0614,4678677,0.0,1.0
1075,2016-04-28,13.81,13.9897,13.455,13.48,10.9077,3602451,0.0,1.0
1076,2016-04-27,13.68,13.995,13.68,13.96,11.2961,3459901,0.0,1.0
1077,2016-04-26,13.54,13.7,13.44,13.66,11.0533,2320590,0.0,1.0
1078,2016-04-25,13.65,13.6689,13.2,13.45,10.8834,2606503,0.0,1.0
1079,2016-04-22,13.29,13.795,13.29,13.68,11.0695,4659746,0.0,1.0
1080,2016-04-21,13.27,13.66,13.2215,13.27,10.7378,3332251,0.0,1.0
1081,2016-04-20,12.74,13.3,12.4,13.25,10.7216,3982992,0.0,1.0
1082,2016-04-19,12.88,13.32,12.86,12.95,10.4788,4949204,0.0,1.0
1083,2016-04-18,12.6,12.92,12.51,12.79,10.3494,2271576,0.0,1.0
1084,2016-04-15,12.68,12.86,12.6,12.71,10.2846,2251766,0.0,1.0
1085,2016-04-14,12.67,12.85,12.531,12.68,10.2603,2117338,0.0,1.0
1086,2016-04-13,12.51,12.85,12.44,12.7,10.2765,4035334,0.0,1.0
1087,2016-04-12,12.23,12.48,12.15,12.42,10.05,5170243,0.0,1.0
1088,2016-04-11,11.89,12.39,11.86,12.15,9.8315,3575639,0.0,1.0
1089,2016-04-08,11.75,12.08,11.66,11.82,9.5645,3143488,0.0,1.0
1090,2016-04-07,11.5,11.76,11.32,11.6,9.3864,5037357,0.0,1.0
1091,2016-04-06,11.41,11.69,11.095,11.61,9.3945,2990622,0.0,1.0
1092,2016-04-05,11.59,11.69,11.405,11.44,9.257,4037339,0.0,1.0
1093,2016-04-04,11.62,11.9,11.53,11.68,9.4512,2629152,0.0,1.0
1094,2016-04-01,11.85,11.87,11.43,11.65,9.4269,4524542,0.0,1.0
1095,2016-03-31,11.97,12.18,11.91,11.97,9.6858,3852253,0.0,1.0
1096,2016-03-30,11.93,12.17,11.73,11.97,9.6858,4705301,0.0,1.0
1097,2016-03-29,11.78,11.985,11.51,11.91,9.6373,3257777,0.0,1.0
1098,2016-03-28,12.04,12.19,11.705,11.81,9.5564,2278106,0.0,1.0
1099,2016-03-24,11.82,11.99,11.65,11.96,9.6777,2132138,0.0,1.0
1100,2016-03-23,12.31,12.37,11.89,11.89,9.6211,2640645,0.0,1.0
1101,2016-03-22,12.29,12.4974,12.12,12.37,10.0095,2955488,0.0,1.0
1102,2016-03-21,12.34,12.5965,12.265,12.42,10.05,2819653,0.0,1.0
1103,2016-03-18,12.06,12.4901,11.92,12.42,10.05,9364086,0.0,1.0
1104,2016-03-17,11.68,12.085,11.56,11.94,9.6616,3678337,0.0,1.0
1105,2016-03-16,11.44,11.92,11.44,11.68,9.4512,3423307,0.0,1.0
1106,2016-03-15,11.75,11.75,11.11,11.54,9.3379,5592615,0.0,1.0
1107,2016-03-14,12.0,12.195,11.675,11.71,9.4754,5542551,0.0,1.0
1108,2016-03-11,11.74,12.0,11.64,11.97,9.6858,3278426,0.0,1.0
1109,2016-03-10,11.28,11.75,11.28,11.66,9.435,5461037,0.0,1.0
1110,2016-03-09,11.19,11.39,11.05,11.2,9.0628,2781080,0.0,1.0
1111,2016-03-08,11.3,11.36,10.94,11.1,8.9819,3474532,0.0,1.0
1112,2016-03-07,11.35,11.465,11.1676,11.39,9.2165,4002823,0.0,1.0
1113,2016-03-04,11.13,11.65,11.13,11.4,9.2246,3683965,0.0,1.0
1114,2016-03-03,10.86,11.39,10.81,11.27,9.1194,3145222,0.0,1.0
1115,2016-03-02,10.84,10.9,10.4,10.89,8.8119,3759957,0.16,1.0
1116,2016-03-01,10.89,11.25,10.66,10.94,8.7242,5382742,0.0,1.0
1117,2016-02-29,10.63,11.06,10.56,10.83,8.6365,4662254,0.0,1.0
1118,2016-02-26,10.73,10.99,10.55,10.59,8.4451,3253318,0.0,1.0
1119,2016-02-25,10.29,10.72,10.1,10.66,8.5009,3027632,0.0,1.0
1120,2016-02-24,10.01,10.3585,9.67,10.29,8.2059,2762660,0.0,1.0
1121,2016-02-23,10.29,10.49,10.12,10.24,8.166,2903474,0.0,1.0
1122,2016-02-22,10.13,10.38,10.1,10.36,8.2617,2575112,0.0,1.0
1123,2016-02-19,10.11,10.11,9.73,9.92,7.9108,2503374,0.0,1.0
1124,2016-02-18,9.92,10.18,9.76,10.13,8.0783,3029454,0.0,1.0
1125,2016-02-17,9.73,10.32,9.6975,9.91,7.9028,4335309,0.0,1.0
1126,2016-02-16,9.19,9.68,9.14,9.66,7.7035,3381904,0.0,1.0
1127,2016-02-12,8.49,9.15,8.48,9.13,7.2808,4381672,0.0,1.0
1128,2016-02-11,8.38,8.54,8.2,8.41,6.7066,3718273,0.0,1.0
1129,2016-02-10,8.62,8.7,8.44,8.55,6.8183,5344285,0.0,1.0
1130,2016-02-09,8.88,8.89,8.42,8.5,6.7784,10189497,0.0,1.0
1131,2016-02-08,9.28,9.29,8.68,8.94,7.1293,3613128,0.0,1.0
1132,2016-02-05,9.52,9.67,9.375,9.51,7.5838,3490502,0.0,1.0
1133,2016-02-04,9.12,9.73,8.9901,9.54,7.6078,3440585,0.0,1.0
1134,2016-02-03,8.8,9.24,8.385,9.18,7.3207,3704382,0.0,1.0
1135,2016-02-02,9.15,9.2623,8.75,8.76,6.9857,4552859,0.0,1.0
1136,2016-02-01,9.51,9.595,9.18,9.31,7.4243,4179555,0.0,1.0
1137,2016-01-29,9.09,9.61,9.06,9.56,7.6237,5873461,0.0,1.0
1138,2016-01-28,9.57,9.82,9.0,9.03,7.2011,5005175,0.0,1.0
1139,2016-01-27,9.08,9.98,9.07,9.47,7.5519,7304017,0.0,1.0
1140,2016-01-26,8.9,9.49,8.87,9.45,7.536,3971165,0.0,1.0
1141,2016-01-25,9.2,9.24,8.82,8.87,7.0735,5801317,0.0,1.0
1142,2016-01-22,9.34,9.589,9.08,9.24,7.3685,5801973,0.0,1.0
1143,2016-01-21,9.08,9.44,9.0,9.16,7.3047,4435725,0.0,1.0
1144,2016-01-20,8.58,9.08,8.2904,8.97,7.1532,7800069,0.0,1.0
1145,2016-01-19,8.95,9.15,8.74,8.76,6.9857,5302614,0.0,1.0
1146,2016-01-15,9.13,9.31,8.9031,9.0,7.1771,6395720,0.0,1.0
1147,2016-01-14,9.44,9.51,9.04,9.4,7.4961,5327653,0.0,1.0
1148,2016-01-13,10.07,10.2025,9.42,9.42,7.5121,5927814,0.0,1.0
1149,2016-01-12,10.15,10.28,9.81,10.01,7.9826,4644422,0.0,1.0
1150,2016-01-11,10.21,10.275,9.8,10.0,7.9746,5127842,0.0,1.0
1151,2016-01-08,10.37,10.52,10.03,10.18,8.1181,7169790,0.0,1.0
1152,2016-01-07,10.74,10.84,10.2,10.27,8.1899,6119111,0.0,1.0
1153,2016-01-06,11.21,11.255,10.83,10.93,8.7162,5080532,0.0,1.0
1154,2016-01-05,11.5,11.7399,10.94,11.34,9.0432,5980697,0.0,1.0
1155,2016-01-04,11.34,11.59,11.18,11.5,9.1708,7240739,0.0,1.0
1156,2015-12-31,11.3,11.59,11.23,11.45,9.1309,2631775,0.0,1.0
1157,2015-12-30,11.53,11.572,11.32,11.33,9.0352,3204537,0.0,1.0
1158,2015-12-29,11.49,11.67,11.4,11.49,9.1628,4835636,0.0,1.0
1159,2015-12-28,12.5,12.51,11.31,11.46,9.1389,9365302,0.0,1.0
1160,2015-12-24,12.21,12.77,12.2,12.61,10.056,1909422,0.0,1.0
1161,2015-12-23,11.75,12.15,11.71,12.15,9.6891,11500292,0.0,1.0
1162,2015-12-22,11.84,11.93,11.6,11.7,9.3303,7401199,0.0,1.0
1163,2015-12-21,12.08,12.13,11.66,11.8,9.41,3757257,0.0,1.0
1164,2015-12-18,12.39,12.47,11.92,11.92,9.5057,12972289,0.0,1.0
1165,2015-12-17,12.8,12.915,12.47,12.48,9.9523,5703462,0.0,1.0
1166,2015-12-16,12.42,12.95,12.29,12.77,10.1836,7846281,0.0,1.0
1167,2015-12-15,12.25,12.525,12.23,12.355,9.8526,3823594,0.0,1.0
1168,2015-12-14,12.36,12.56,12.01,12.16,9.6971,4373368,0.0,1.0
1169,2015-12-11,12.32,12.4399,12.14,12.35,9.8486,5474947,0.0,1.0
1170,2015-12-10,11.75,12.52,11.72,12.38,9.8725,4388571,0.0,1.0
1171,2015-12-09,11.69,12.14,11.66,11.74,9.3622,3540233,0.0,1.0
1172,2015-12-08,11.83,11.925,11.59,11.72,9.3462,3097254,0.0,1.0
1173,2015-12-07,12.0,12.14,11.74,11.92,9.5057,3763317,0.0,1.0
1174,2015-12-04,11.76,12.15,11.76,12.04,9.6014,3626332,0.0,1.0
1175,2015-12-03,12.03,12.095,11.65,11.74,9.3622,4800042,0.0,1.0
1176,2015-12-02,12.04,12.2,11.87,11.98,9.5536,5222343,0.16,1.0
1177,2015-12-01,11.94,12.26,11.8,12.25,9.6401,4723854,0.0,1.0
1178,2015-11-30,11.9,11.93,11.52,11.91,9.3726,5966622,0.0,1.0
1179,2015-11-27,11.78,11.82,11.61,11.77,9.2624,675985,0.0,1.0
1180,2015-11-25,11.85,11.86,11.72,11.73,9.2309,1470621,0.0,1.0
1181,2015-11-24,11.8,12.02,11.65,11.87,9.3411,4028096,0.0,1.0
1182,2015-11-23,11.84,12.16,11.74,11.9,9.3647,5254081,0.0,1.0
1183,2015-11-20,11.76,11.9,11.62,11.85,9.3253,7120161,0.0,1.0
1184,2015-11-19,12.06,12.17,11.68,11.7,9.2073,6968700,0.0,1.0
1185,2015-11-18,11.93,12.06,11.78,12.04,9.4749,2368638,0.0,1.0
1186,2015-11-17,12.03,12.07,11.81,11.89,9.3568,2191472,0.0,1.0
1187,2015-11-16,11.99,12.16,11.77,11.98,9.4276,3678016,0.0,1.0
1188,2015-11-13,12.44,12.44,11.91,12.02,9.4591,3754337,0.0,1.0
1189,2015-11-12,12.41,12.545,12.14,12.24,9.6323,4548172,0.0,1.0
1190,2015-11-11,12.73,12.79,12.4,12.51,9.8447,2600590,0.0,1.0
1191,2015-11-10,12.93,13.0,12.47,12.72,10.01,3286077,0.0,1.0
1192,2015-11-09,13.28,13.37,12.81,12.95,10.191,2206068,0.0,1.0
1193,2015-11-06,13.32,13.4,13.075,13.26,10.4349,2481376,0.0,1.0
1194,2015-11-05,13.41,13.532,12.97,13.23,10.4113,3038026,0.0,1.0
1195,2015-11-04,13.47,13.925,13.355,13.41,10.553,3982518,0.0,1.0
1196,2015-11-03,13.42,13.6,12.51,13.4,10.5451,4316712,0.0,1.0
1197,2015-11-02,13.23,13.51,13.21,13.48,10.6081,2363458,0.0,1.0
1198,2015-10-30,13.28,13.34,13.17,13.19,10.3799,2088401,0.0,1.0
1199,2015-10-29,13.71,13.83,13.17,13.24,10.4192,3052223,0.0,1.0
1200,2015-10-28,13.43,13.83,13.26,13.8,10.8599,3507364,0.0,1.0
1201,2015-10-27,13.39,13.45,13.1,13.41,10.553,4673488,0.0,1.0
1202,2015-10-26,13.56,13.585,13.16,13.5,10.6238,3931623,0.0,1.0
1203,2015-10-23,13.09,13.77,13.0,13.55,10.6632,6200644,0.0,1.0
1204,2015-10-22,12.99,13.17,12.71,12.96,10.1989,7367958,0.0,1.0
1205,2015-10-21,12.82,13.13,12.65,12.89,10.1438,5371965,0.0,1.0
1206,2015-10-20,12.32,12.735,12.2806,12.66,9.9628,5913879,0.0,1.0
1207,2015-10-19,12.17,12.28,11.98,12.27,9.6559,6179626,0.0,1.0
1208,2015-10-16,12.09,12.33,11.95,12.26,9.648,3073711,0.0,1.0
1209,2015-10-15,11.81,12.065,11.77,12.03,9.467,3922113,0.0,1.0
1210,2015-10-14,11.92,12.06,11.7,11.77,9.2624,5383798,0.0,1.0
1211,2015-10-13,11.84,11.965,11.78,11.87,9.3411,5282966,0.0,1.0
1212,2015-10-12,11.98,12.06,11.8,11.88,9.349,3388512,0.0,1.0
1213,2015-10-09,12.14,12.37,11.9,11.96,9.4119,6033029,0.0,1.0
1214,2015-10-08,12.13,12.26,12.01,12.1,9.5221,5464278,0.0,1.0
1215,2015-10-07,11.73,12.1,11.7,11.98,9.4276,8565584,0.0,1.0
1216,2015-10-06,11.43,11.75,11.39,11.63,9.1522,5169279,0.0,1.0
1217,2015-10-05,11.08,11.6599,11.08,11.48,9.0342,5702521,0.0,1.0
1218,2015-10-02,10.74,11.11,10.62,11.04,8.6879,7013749,0.0,1.0
1219,2015-10-01,11.24,11.29,10.68,10.96,8.625,11040348,0.0,1.0
1220,2015-09-30,11.75,11.87,10.945,11.24,8.8453,9979767,0.0,1.0
1221,2015-09-29,12.16,12.23,11.59,11.63,9.1522,8504178,0.0,1.0
1222,2015-09-28,12.4,12.485,11.995,12.16,9.5693,5093964,0.0,1.0
1223,2015-09-25,12.58,12.6499,12.34,12.44,9.7896,4674003,0.0,1.0
1224,2015-09-24,12.34,12.53,12.27,12.5,9.8369,4376088,0.0,1.0
1225,2015-09-23,12.38,12.54,12.28,12.47,9.8133,3997011,0.0,1.0
1226,2015-09-22,12.5,12.64,12.11,12.4,9.7582,3926577,0.0,1.0
1227,2015-09-21,12.72,12.8,12.595,12.65,9.9549,4151190,0.0,1.0
1228,2015-09-18,12.39,12.76,12.2732,12.66,9.9628,9403097,0.0,1.0
1229,2015-09-17,12.66,12.91,12.48,12.55,9.8762,5278393,0.0,1.0
1230,2015-09-16,12.37,12.71,12.37,12.65,9.9549,7558031,0.0,1.0
1231,2015-09-15,12.74,12.74,12.275,12.37,9.7346,4440029,0.0,1.0
1232,2015-09-14,12.44,12.52,12.28,12.44,9.7896,4123232,0.0,1.0
1233,2015-09-11,12.52,12.57,12.225,12.45,9.7975,7487718,0.0,1.0
1234,2015-09-10,12.31,12.68,12.26,12.64,9.947,5694657,0.0,1.0
1235,2015-09-09,12.44,12.54,12.21,12.29,9.6716,4643493,0.0,1.0
1236,2015-09-08,12.74,12.99,12.13,12.3,9.6795,5676822,0.0,1.0
1237,2015-09-04,11.96,12.1,11.79,11.94,9.3962,3019932,0.0,1.0
1238,2015-09-03,12.2,12.37,12.09,12.15,9.5614,3555263,0.0,1.0
1239,2015-09-02,12.4,12.53,11.97,12.16,9.5693,3843304,0.16,1.0
1240,2015-09-01,12.51,12.65,12.3,12.35,9.5926,3658508,0.0,1.0
1241,2015-08-31,12.93,12.98,12.68,12.79,9.9344,5772299,0.0,1.0
1242,2015-08-28,12.93,13.15,12.8,13.05,10.1363,2634685,0.0,1.0
1243,2015-08-27,12.81,13.085,12.67,13.0,10.0975,4580211,0.0,1.0
1244,2015-08-26,12.25,12.55,12.01,12.52,9.7246,4831183,0.0,1.0
1245,2015-08-25,13.23,13.23,12.02,12.04,9.3518,9032839,0.0,1.0
1246,2015-08-24,13.34,14.0,12.89,13.06,10.1441,7450659,0.0,1.0
1247,2015-08-21,13.98,14.27,13.89,13.89,10.7888,2829301,0.0,1.0
1248,2015-08-20,14.43,14.485,14.05,14.06,10.9208,3007665,0.0,1.0
1249,2015-08-19,14.66,14.73,14.55,14.62,11.3558,1921647,0.0,1.0
1250,2015-08-18,14.88,15.0,14.6,14.77,11.4723,2603689,0.0,1.0
1251,2015-08-17,14.76,14.96,14.61,14.83,11.5189,3502979,0.0,1.0
1252,2015-08-14,14.83,14.87,14.58,14.76,11.4645,4360301,0.0,1.0
1253,2015-08-13,15.25,15.32,14.75,14.79,11.4878,3443567,0.0,1.0
1254,2015-08-12,15.49,15.49,15.11,15.31,11.8917,2995734,0.0,1.0
1255,2015-08-11,15.53,15.9,15.36,15.39,11.9539,2697594,0.0,1.0
1256,2015-08-10,15.69,16.0,15.69,15.91,12.3578,1713108,0.0,1.0
1257,2015-08-07,15.34,15.625,15.3,15.61,12.1247,2263907,0.0,1.0
1258,2015-08-06,15.66,15.66,15.2,15.37,11.9383,3549583,0.0,1.0
1259,2015-08-05,15.62,15.94,15.595,15.61,12.1247,2445369,0.0,1.0
1260,2015-08-04,15.6,15.745,15.53,15.58,12.1014,1749373,0.0,1.0
1261,2015-08-03,15.77,15.88,15.555,15.66,12.1636,2109996,0.0,1.0
1262,2015-07-31,15.82,15.9,15.65,15.7,12.1946,2987248,0.0,1.0
1263,2015-07-30,15.7,15.78,15.49,15.53,12.0626,2955214,0.0,1.0
1264,2015-07-29,15.77,15.91,15.73,15.77,12.249,2008183,0.0,1.0
1265,2015-07-28,15.8,15.9,15.75,15.83,12.2956,2272992,0.0,1.0
1266,2015-07-27,16.15,16.45,15.72,15.72,12.2102,2518530,0.0,1.0
1267,2015-07-24,16.45,16.56,16.2,16.22,12.5985,2282239,0.0,1.0
1268,2015-07-23,16.33,16.475,16.16,16.39,12.7306,2610848,0.0,1.0
1269,2015-07-22,16.67,16.67,16.16,16.23,12.6063,3441288,0.0,1.0
1270,2015-07-21,16.47,16.755,16.47,16.6,12.8937,3615854,0.0,1.0
1271,2015-07-20,16.97,16.97,16.39,16.42,12.7539,4692554,0.0,1.0
1272,2015-07-17,16.46,16.9,16.45,16.86,13.0956,3114756,0.0,1.0
1273,2015-07-16,16.69,16.69,16.49,16.67,12.9481,3180562,0.0,1.0
1274,2015-07-15,16.66,16.68,16.34,16.56,12.8626,4133519,0.0,1.0
1275,2015-07-14,15.9,17.02,15.7601,16.42,12.7539,8538103,0.0,1.0
1276,2015-07-13,17.43,18.5,17.42,18.36,14.2607,2258746,0.0,1.0
1277,2015-07-10,18.78,18.78,18.33,18.37,14.2685,2492940,0.0,1.0
1278,2015-07-09,18.79,18.92,18.5,18.53,14.3928,1422322,0.0,1.0
1279,2015-07-08,18.86,18.89,18.54,18.57,14.4239,1865451,0.0,1.0
1280,2015-07-07,18.66,19.0,18.48,18.97,14.7345,2724954,0.0,1.0
1281,2015-07-06,18.21,18.62,18.21,18.61,14.4549,2253678,0.0,1.0
1282,2015-07-02,18.54,18.6,18.365,18.45,14.3306,1941471,0.0,1.0
1283,2015-07-01,18.36,18.51,18.23,18.45,14.3306,2452605,0.0,1.0
1284,2015-06-30,18.2,18.39,18.09,18.21,14.1442,1641632,0.0,1.0
1285,2015-06-29,18.36,18.55,18.09,18.11,14.0666,1975671,0.0,1.0
1286,2015-06-26,18.66,18.81,18.43,18.44,14.3229,3702122,0.0,1.0
1287,2015-06-25,18.83,18.85,18.54,18.555,14.4122,1487690,0.0,1.0
1288,2015-06-24,19.11,19.23,18.81,18.83,14.6258,2881345,0.0,1.0
1289,2015-06-23,19.1,19.255,19.09,19.1,14.8355,1635551,0.0,1.0
1290,2015-06-22,19.09,19.205,19.01,19.06,14.8045,1546264,0.0,1.0
1291,2015-06-19,18.89,18.95,18.72,18.93,14.7035,5057832,0.0,1.0
1292,2015-06-18,18.63,19.035,18.6,18.985,14.7462,2723891,0.0,1.0
1293,2015-06-17,19.21,19.24,18.42,18.64,14.4782,2300645,0.0,1.0
1294,2015-06-16,19.11,19.36,18.94,19.14,14.8666,1887736,0.0,1.0
1295,2015-06-15,19.26,19.26,18.98,19.09,14.8278,1381641,0.0,1.0
1296,2015-06-12,19.52,19.57,19.32,19.43,15.0918,972312,0.0,1.0
1297,2015-06-11,19.38,19.595,19.31,19.53,15.1695,1745192,0.0,1.0
1298,2015-06-10,18.94,19.4,18.83,19.4,15.0685,1741554,0.0,1.0
1299,2015-06-09,19.12,19.19,18.85,18.9,14.6802,1779443,0.0,1.0
1300,2015-06-08,19.05,19.23,19.01,19.06,14.8045,1276347,0.0,1.0
1301,2015-06-05,19.12,19.36,19.0,19.09,14.8278,1449331,0.0,1.0
1302,2015-06-04,19.35,19.45,19.04,19.06,14.8045,1638129,0.0,1.0
1303,2015-06-03,19.29,19.5432,19.25,19.44,15.0996,1496264,0.16,1.0
1304,2015-06-02,19.23,19.44,19.23,19.38,14.9301,2236456,0.0,1.0
1305,2015-06-01,19.38,19.54,19.16,19.34,14.8993,1257553,0.0,1.0
1306,2015-05-29,19.35,19.35,19.13,19.27,14.8454,1854960,0.0,1.0
1307,2015-05-28,19.32,19.47,19.21,19.29,14.8608,1390198,0.0,1.0
1308,2015-05-27,19.25,19.505,19.13,19.37,14.9224,1625358,0.0,1.0
1309,2015-05-26,19.34,19.49,19.1,19.13,14.7375,2441408,0.0,1.0
1310,2015-05-22,19.39,19.53,19.32,19.33,14.8916,1273674,0.0,1.0
1311,2015-05-21,19.35,19.6,19.335,19.45,14.9841,2003130,0.0,1.0
1312,2015-05-20,19.41,19.45,19.27,19.34,14.8993,1788827,0.0,1.0
1313,2015-05-19,19.04,19.34,19.04,19.31,14.8762,3048606,0.0,1.0
1314,2015-05-18,19.05,19.23,18.94,19.06,14.6836,2606585,0.0,1.0
1315,2015-05-15,19.89,19.92,19.08,19.16,14.7606,2791140,0.0,1.0
1316,2015-05-14,19.93,20.065,19.6,19.83,15.2768,3173318,0.0,1.0
1317,2015-05-13,20.08,20.17,19.77,19.79,15.246,2002389,0.0,1.0
1318,2015-05-12,19.98,20.18,19.89,20.12,15.5002,1283463,0.0,1.0
1319,2015-05-11,19.98,20.06,19.93,19.97,15.3847,3269881,0.0,1.0
1320,2015-05-08,19.85,20.09,19.8401,20.02,15.4232,1442255,0.0,1.0
1321,2015-05-07,19.67,19.8,19.485,19.78,15.2383,1753565,0.0,1.0
1322,2015-05-06,19.58,19.77,19.51,19.58,15.0842,1883639,0.0,1.0
1323,2015-05-05,19.6,19.775,19.5001,19.58,15.0842,2989339,0.0,1.0
1324,2015-05-04,19.77,19.96,19.62,19.64,15.1304,1913619,0.0,1.0
1325,2015-05-01,19.68,19.8,19.62,19.74,15.2075,2618453,0.0,1.0
1326,2015-04-30,19.7,19.88,19.51,19.54,15.0534,2319491,0.0,1.0
1327,2015-04-29,19.91,20.0,19.64,19.71,15.1844,1755813,0.0,1.0
1328,2015-04-28,19.9,19.98,19.67,19.9,15.3307,2135871,0.0,1.0
1329,2015-04-27,20.29,20.38,19.83,19.85,15.2922,1487952,0.0,1.0
1330,2015-04-24,20.41,20.49,20.25,20.28,15.6235,1790384,0.0,1.0
1331,2015-04-23,20.53,20.79,20.42,20.49,15.7853,1883471,0.0,1.0
1332,2015-04-22,20.51,20.95,20.32,20.61,15.8777,2812837,0.0,1.0
1333,2015-04-21,20.5,20.72,20.36,20.53,15.8161,2664510,0.0,1.0
1334,2015-04-20,20.04,20.72,20.014,20.49,15.7853,1566051,0.0,1.0
1335,2015-04-17,20.19,20.47,19.9,19.93,15.3538,1922822,0.0,1.0
1336,2015-04-16,20.36,20.5,20.23,20.29,15.6312,2021057,0.0,1.0
1337,2015-04-15,20.35,20.51,20.27,20.34,15.6697,1644465,0.0,1.0
1338,2015-04-14,20.37,20.64,20.28,20.39,15.7082,1517674,0.0,1.0
1339,2015-04-13,20.21,20.61,20.21,20.43,15.739,1251305,0.0,1.0
1340,2015-04-10,20.27,20.5199,20.21,20.26,15.6081,1910766,0.0,1.0
1341,2015-04-09,20.26,20.54,20.19,20.34,15.6697,2456847,0.0,1.0
1342,2015-04-08,20.16,20.36,20.01,20.25,15.6004,1793076,0.0,1.0
1343,2015-04-07,20.28,20.3,20.09,20.11,15.4925,1593250,0.0,1.0
1344,2015-04-06,20.19,20.38,20.09,20.32,15.6543,1347582,0.0,1.0
1345,2015-04-02,20.19,20.44,20.08,20.36,15.6851,1849372,0.0,1.0
1346,2015-04-01,20.25,20.43,20.05,20.24,15.5927,2074275,0.0,1.0
1347,2015-03-31,19.87,20.54,19.87,20.33,15.662,3828183,0.0,1.0
1348,2015-03-30,20.19,20.19,19.96,20.08,15.4694,2021002,0.0,1.0
1349,2015-03-27,20.01,20.35,19.89,20.16,15.531,1749064,0.0,1.0
1350,2015-03-26,20.25,20.25,20.035,20.16,15.531,1710428,0.0,1.0
1351,2015-03-25,20.77,20.875,20.33,20.33,15.662,2999606,0.0,1.0
1352,2015-03-24,20.8,20.87,20.55,20.7,15.947,1757346,0.0,1.0
1353,2015-03-23,20.77,21.05,20.65,20.75,15.9856,2750105,0.0,1.0
1354,2015-03-20,20.71,21.03,20.655,20.7,15.947,4797564,0.0,1.0
1355,2015-03-19,20.0,20.725,19.91,20.67,15.9239,2907554,0.0,1.0
1356,2015-03-18,20.0,20.1,19.645,20.06,15.454,1887751,0.0,1.0
1357,2015-03-17,19.68,20.15,19.49,20.11,15.4925,2691388,0.0,1.0
1358,2015-03-16,19.36,19.81,19.34,19.66,15.1458,2566837,0.0,1.0
1359,2015-03-13,19.45,19.53,19.21,19.28,14.8531,3043634,0.0,1.0
1360,2015-03-12,19.28,19.59,19.28,19.54,15.0534,2605666,0.0,1.0
1361,2015-03-11,19.46,19.58,18.97,19.16,14.7606,3948114,0.0,1.0
1362,2015-03-10,19.37,19.66,19.2115,19.37,14.9224,4398944,0.0,1.0
1363,2015-03-09,19.62,19.77,19.59,19.59,15.0919,2075723,0.0,1.0
1364,2015-03-06,19.91,20.23,19.6,19.64,15.1304,2117156,0.0,1.0
1365,2015-03-05,20.02,20.115,19.76,19.99,15.4001,1830410,0.0,1.0
1366,2015-03-04,19.74,20.38,19.53,20.01,15.4155,3011930,0.16,1.0
1367,2015-03-03,19.4,20.18,19.15,20.05,15.3238,4902313,0.0,1.0
1368,2015-03-02,19.07,19.67,18.44,19.51,14.911,10895823,0.0,1.0
1369,2015-02-27,21.76,21.9099,21.33,21.4,16.3555,2271775,0.0,1.0
1370,2015-02-26,21.71,22.0,21.61,21.85,16.6995,1742617,0.0,1.0
1371,2015-02-25,21.73,21.915,21.63,21.7,16.5848,2443935,0.0,1.0
1372,2015-02-24,21.76,21.98,21.68,21.68,16.5695,1657127,0.0,1.0
1373,2015-02-23,21.63,21.83,21.455,21.81,16.6689,1290575,0.0,1.0
1374,2015-02-20,21.66,21.86,21.4,21.72,16.6001,1670522,0.0,1.0
1375,2015-02-19,21.64,21.75,21.38,21.66,16.5542,1418279,0.0,1.0
1376,2015-02-18,21.92,22.04,21.57,21.65,16.5466,1882322,0.0,1.0
1377,2015-02-17,22.27,22.37,21.92,21.98,16.7988,3000023,0.0,1.0
1378,2015-02-13,22.07,22.405,21.87,22.37,17.0969,2490613,0.0,1.0
1379,2015-02-12,21.95,22.285,21.81,22.21,16.9746,2427991,0.0,1.0
1380,2015-02-11,21.57,22.05,21.43,21.95,16.7759,1928712,0.0,1.0
1381,2015-02-10,21.6,21.71,21.35,21.67,16.5619,1598800,0.0,1.0
1382,2015-02-09,22.17,22.17,21.19,21.57,16.4855,2107723,0.0,1.0
1383,2015-02-06,21.38,21.46,21.18,21.35,16.3173,1764050,0.0,1.0
1384,2015-02-05,20.95,21.39,20.77,21.31,16.2867,2165708,0.0,1.0
1385,2015-02-04,20.93,21.21,20.629,21.0,16.0498,2554434,0.0,1.0
1386,2015-02-03,20.12,21.1,20.07,21.08,16.111,2543134,0.0,1.0
1387,2015-02-02,19.75,20.15,19.57,20.05,15.3238,3120747,0.0,1.0
1388,2015-01-30,19.38,19.97,19.2,19.74,15.0868,4173880,0.0,1.0
1389,2015-01-29,19.12,19.58,19.1,19.5,14.9034,5054293,0.0,1.0
1390,2015-01-28,19.8,19.8,19.45,19.47,14.8805,2721528,0.0,1.0
1391,2015-01-27,19.43,19.88,19.41,19.8,15.1327,3047923,0.0,1.0
1392,2015-01-26,19.36,19.62,19.27,19.55,14.9416,2113521,0.0,1.0
1393,2015-01-23,19.57,20.09,19.34,19.47,14.8805,2134458,0.0,1.0
1394,2015-01-22,20.0,20.3799,19.2772,19.69,15.0486,2551708,0.0,1.0
1395,2015-01-21,19.22,20.09,17.16,19.96,15.255,3084051,0.0,1.0
1396,2015-01-20,20.24,20.275,19.57,19.67,15.0333,1791675,0.0,1.0
1397,2015-01-16,20.01,20.268,19.81,20.15,15.4002,1804628,0.0,1.0
1398,2015-01-15,20.07,20.44,19.87,20.11,15.3696,1608205,0.0,1.0
1399,2015-01-14,20.1,20.32,19.8435,20.14,15.3925,1753463,0.0,1.0
1400,2015-01-13,20.28,20.58,19.965,20.22,15.4537,2188825,0.0,1.0
1401,2015-01-12,20.51,20.688,20.02,20.17,15.4155,1431640,0.0,1.0
1402,2015-01-09,20.56,20.78,20.36,20.54,15.6983,1629940,0.0,1.0
1403,2015-01-08,21.1,21.51,20.4,20.6,15.7441,3124252,0.0,1.0
1404,2015-01-07,21.0,21.12,20.66,20.92,15.9887,2889334,0.0,1.0
1405,2015-01-06,21.17,21.325,20.715,20.9,15.9734,1419926,0.0,1.0
1406,2015-01-05,21.67,21.78,21.04,21.1,16.1262,1102299,0.0,1.0
1407,2015-01-02,21.71,22.0099,21.52,21.82,16.6765,942587,0.0,1.0
1408,2014-12-31,22.09,22.25,21.6,21.61,16.516,1057798,0.0,1.0
1409,2014-12-30,21.83,22.04,21.81,21.985,16.8026,1645233,0.0,1.0
1410,2014-12-29,21.99,22.1,21.82,21.84,16.6918,1055440,0.0,1.0
1411,2014-12-26,22.15,22.1901,21.925,21.96,16.7835,836280,0.0,1.0
1412,2014-12-24,22.45,22.69,22.16,22.17,16.944,616905,0.0,1.0
1413,2014-12-23,22.71,22.71,22.33,22.35,17.0816,1288767,0.0,1.0
1414,2014-12-22,22.43,22.64,22.25,22.57,17.2497,2311778,0.0,1.0
1415,2014-12-19,21.51,22.4,21.51,22.35,17.0816,7128021,0.0,1.0
1416,2014-12-18,21.39,21.58,21.22,21.5,16.432,1684515,0.0,1.0
1417,2014-12-17,20.94,21.27,20.83,21.26,16.2485,1731681,0.0,1.0
1418,2014-12-16,21.04,21.35,20.87,20.88,15.9581,2667813,0.0,1.0
1419,2014-12-15,20.98,21.19,20.89,21.07,16.1033,1978560,0.0,1.0
1420,2014-12-12,21.43,21.74,20.81,20.83,15.9199,1542726,0.0,1.0
1421,2014-12-11,21.35,21.62,21.25,21.49,16.4243,4588901,0.0,1.0
1422,2014-12-10,21.4,21.79,21.26,21.28,16.2638,2887488,0.0,1.0
1423,2014-12-09,21.12,21.49,21.076,21.49,16.4243,2398485,0.0,1.0
1424,2014-12-08,21.01,21.49,20.95,21.29,16.2715,2183500,0.0,1.0
1425,2014-12-05,20.85,21.23,20.85,21.0,16.0498,2982823,0.0,1.0
1426,2014-12-04,20.8,21.0,20.621,20.82,15.9122,1446810,0.0,1.0
1427,2014-12-03,20.87,21.03,20.52,20.9,15.9734,2045715,0.15,1.0
1428,2014-12-02,21.0,21.27,20.81,20.97,15.9127,1333695,0.0,1.0
1429,2014-12-01,20.88,21.23,20.73,20.91,15.8672,2833376,0.0,1.0
1430,2014-11-28,20.99,21.49,20.85,20.96,15.9051,632426,0.0,1.0
1431,2014-11-26,20.95,21.02,20.81,20.91,15.8672,1734105,0.0,1.0
1432,2014-11-25,20.93,21.02,20.86,20.95,15.8975,2540107,0.0,1.0
1433,2014-11-24,21.18,21.32,20.89,20.94,15.8899,2107232,0.0,1.0
1434,2014-11-21,20.97,21.22,20.83,21.18,16.072,2867071,0.0,1.0
1435,2014-11-20,20.71,20.87,20.62,20.7,15.7078,2741860,0.0,1.0
1436,2014-11-19,20.54,20.78,20.54,20.71,15.7154,1031334,0.0,1.0
1437,2014-11-18,20.71,21.055,20.66,20.87,15.8368,1472078,0.0,1.0
1438,2014-11-17,20.33,20.84,20.31,20.81,15.7913,1436762,0.0,1.0
1439,2014-11-14,20.75,20.78,20.27,20.41,15.4877,2158055,0.0,1.0
1440,2014-11-13,20.44,20.78,20.27,20.78,15.7685,2629723,0.0,1.0
1441,2014-11-12,20.32,20.47,20.05,20.13,15.2753,2179877,0.0,1.0
1442,2014-11-11,20.18,20.33,20.011,20.3,15.4043,1819417,0.0,1.0
1443,2014-11-10,20.17,20.355,20.11,20.2,15.3284,2319392,0.0,1.0
1444,2014-11-07,20.05,20.26,19.91,20.21,15.336,2476343,0.0,1.0
1445,2014-11-06,19.72,20.11,19.62,20.1,15.2525,2726273,0.0,1.0
1446,2014-11-05,19.68,19.73,19.18,19.62,14.8883,3538759,0.0,1.0
1447,2014-11-04,19.69,19.71,19.39,19.46,14.7669,2013661,0.0,1.0
1448,2014-11-03,19.73,20.1,19.58,20.0,15.1766,2863163,0.0,1.0
1449,2014-10-31,19.66,19.86,19.555,19.78,15.0097,3215094,0.0,1.0
1450,2014-10-30,19.24,19.54,19.16,19.5,14.7972,1859731,0.0,1.0
1451,2014-10-29,19.01,19.33,18.85,19.26,14.6151,1961049,0.0,1.0
1452,2014-10-28,18.87,19.1,18.78,19.04,14.4481,1842489,0.0,1.0
1453,2014-10-27,18.87,18.91,18.7,18.84,14.2964,1602448,0.0,1.0
1454,2014-10-24,18.75,19.08,18.75,18.9,14.3419,1436577,0.0,1.0
1455,2014-10-23,18.65,18.91,18.49,18.71,14.1977,2624968,0.0,1.0
1456,2014-10-22,18.8,19.08,18.49,18.53,14.0611,4271022,0.0,1.0
1457,2014-10-21,18.85,18.9,18.55,18.79,14.2584,3410493,0.0,1.0
1458,2014-10-20,18.51,18.92,18.38,18.64,14.1446,2515974,0.0,1.0
1459,2014-10-17,17.73,18.62,17.71,18.61,14.1218,4878778,0.0,1.0
1460,2014-10-16,17.19,17.86,17.18,17.64,13.3858,3868309,0.0,1.0
1461,2014-10-15,17.3,17.78,17.19,17.42,13.2188,3793116,0.0,1.0
1462,2014-10-14,17.38,17.59,17.38,17.47,13.2568,3239694,0.0,1.0
1463,2014-10-13,17.58,17.77,17.29,17.3,13.1278,3456579,0.0,1.0
1464,2014-10-10,17.29,17.49,17.08,17.125,12.995,4295154,0.0,1.0
1465,2014-10-09,17.28,17.38,17.095,17.26,13.0974,3039139,0.0,1.0
1466,2014-10-08,17.27,17.38,16.98,17.34,13.1581,4953239,0.0,1.0
1467,2014-10-07,17.52,17.665,17.3,17.3,13.1278,2698982,0.0,1.0
1468,2014-10-06,17.48,17.78,17.41,17.57,13.3327,3435225,0.0,1.0
1469,2014-10-03,17.45,17.6775,17.34,17.43,13.2264,1739285,0.0,1.0
1470,2014-10-02,17.38,17.6,17.235,17.4,13.2037,1741525,0.0,1.0
1471,2014-10-01,17.71,17.84,17.42,17.44,13.234,2330367,0.0,1.0
1472,2014-09-30,17.64,17.87,17.61,17.71,13.4389,1678906,0.0,1.0
1473,2014-09-29,17.53,17.85,17.47,17.65,13.3934,1386657,0.0,1.0
1474,2014-09-26,17.71,17.77,17.54,17.68,13.4161,956200,0.0,1.0
1475,2014-09-25,17.83,17.93,17.61,17.73,13.4541,1494510,0.0,1.0
1476,2014-09-24,17.59,17.91,17.48,17.91,13.5907,1947687,0.0,1.0
1477,2014-09-23,17.82,17.95,17.565,17.6,13.3554,1776000,0.0,1.0
1478,2014-09-22,17.79,17.95,17.68,17.82,13.5224,1560000,0.0,1.0
1479,2014-09-19,17.94,17.95,17.8,17.86,13.5527,2140300,0.0,1.0
1480,2014-09-18,17.84,17.96,17.8,17.85,13.5451,1817400,0.0,1.0
1481,2014-09-17,17.5,17.95,17.5,17.82,13.5224,1182700,0.0,1.0
1482,2014-09-16,17.33,17.59,17.23,17.5,13.2795,981500,0.0,1.0
1483,2014-09-15,17.6,17.6,17.2,17.36,13.1733,1394400,0.0,1.0
1484,2014-09-12,17.36,17.6599,17.36,17.62,13.3706,1343100,0.0,1.0
1485,2014-09-11,17.26,17.515,17.26,17.46,13.2492,1300400,0.0,1.0
1486,2014-09-10,17.46,17.46,17.19,17.35,13.1657,1206100,0.15,1.0
1487,2014-09-09,17.62,17.7,17.38,17.48,13.1507,1588800,0.0,1.0
1488,2014-09-08,17.78,18.05,17.53,17.69,13.3087,1883300,0.0,1.0
1489,2014-09-05,17.9,18.05,17.63,17.79,13.3839,2305200,0.0,1.0
1490,2014-09-04,17.96,18.175,17.96,17.96,13.5118,1609900,0.0,1.0
1491,2014-09-03,18.01,18.09,17.91,17.98,13.5268,1309400,0.0,1.0
1492,2014-09-02,17.94,18.13,17.88,17.98,13.5268,1560700,0.0,1.0
1493,2014-08-29,17.72,18.0,17.65,17.94,13.4967,1990200,0.0,1.0
1494,2014-08-28,17.62,17.8,17.53,17.72,13.3312,911200,0.0,1.0
1495,2014-08-27,17.58,17.77,17.58,17.71,13.3237,840200,0.0,1.0
1496,2014-08-26,17.6,17.74,17.53,17.61,13.2485,917000,0.0,1.0
1497,2014-08-25,17.48,17.74,17.45,17.63,13.2635,769600,0.0,1.0
1498,2014-08-22,17.42,17.6,17.37,17.45,13.1281,1062000,0.0,1.0
1499,2014-08-21,17.5,17.54,17.29,17.46,13.1356,1167200,0.0,1.0
1500,2014-08-20,17.18,17.565,17.11,17.5,13.1657,1279200,0.0,1.0
1501,2014-08-19,17.35,17.46,17.185,17.32,13.0303,1413900,0.0,1.0
1502,2014-08-18,17.13,17.51,17.07,17.38,13.0754,2932800,0.0,1.0
1503,2014-08-15,17.16,17.25,16.86,17.02,12.8046,1595100,0.0,1.0
1504,2014-08-14,17.15,17.17,17.04,17.15,12.9024,1448200,0.0,1.0
1505,2014-08-13,17.15,17.235,17.07,17.17,12.9174,940900,0.0,1.0
1506,2014-08-12,17.11,17.17,16.94,17.1,12.8648,1166900,0.0,1.0
1507,2014-08-11,17.35,17.39,17.09,17.1,12.8648,1096300,0.0,1.0
1508,2014-08-08,16.9,17.345,16.76,17.28,13.0002,3591800,0.0,1.0
1509,2014-08-07,17.04,17.19,16.761,16.86,12.6842,1392800,0.0,1.0
1510,2014-08-06,16.92,17.15,16.86,16.99,12.782,2538600,0.0,1.0
1511,2014-08-05,17.07,17.25,16.88,16.95,12.7519,2083500,0.0,1.0
1512,2014-08-04,17.32,17.34,16.98,17.17,12.9174,1700400,0.0,1.0
1513,2014-08-01,17.2,17.5,17.14,17.34,13.0453,1832500,0.0,1.0
1514,2014-07-31,17.53,17.96,17.19,17.2,12.94,3568000,0.0,1.0
1515,2014-07-30,17.7,17.97,17.48,17.58,13.2259,3032300,0.0,1.0
1516,2014-07-29,17.93,18.11,17.65,17.7,13.3162,3500400,0.0,1.0
1517,2014-07-28,17.8,18.05,17.66,17.99,13.5344,2900400,0.0,1.0
1518,2014-07-25,17.9,18.15,17.78,17.87,13.4441,1967600,0.0,1.0
1519,2014-07-24,17.92,18.15,17.92,17.97,13.5193,2131800,0.0,1.0
1520,2014-07-23,17.95,18.02,17.91,17.98,13.5268,1414400,0.0,1.0
1521,2014-07-22,17.88,17.99,17.83,17.97,13.5193,1774500,0.0,1.0
1522,2014-07-21,17.65,17.9,17.57,17.86,13.4366,2268500,0.0,1.0
1523,2014-07-18,17.75,17.75,17.5,17.69,13.3087,2191700,0.0,1.0
1524,2014-07-17,17.69,18.28,17.69,17.7,13.3162,2805800,0.0,1.0
1525,2014-07-16,17.71,17.915,17.49,17.82,13.4065,3180600,0.0,1.0
1526,2014-07-15,17.99,18.09,17.645,17.7,13.3162,3716200,0.0,1.0
1527,2014-07-14,17.97,18.065,17.82,18.0,13.5419,2796700,0.0,1.0
1528,2014-07-11,17.81,17.935,17.74,17.89,13.4591,6752700,0.0,1.0
1529,2014-07-10,17.54,17.87,17.5,17.78,13.3764,2692500,0.0,1.0
1530,2014-07-09,17.6,17.74,17.57,17.72,13.3312,2496900,0.0,1.0
1531,2014-07-08,17.6,17.7,17.44,17.6,13.2409,4540600,0.0,1.0
1532,2014-07-07,17.65,17.77,17.6,17.65,13.2786,1747300,0.0,1.0
1533,2014-07-03,17.76,17.89,17.68,17.7,13.3162,1953700,0.0,1.0
1534,2014-07-02,17.75,17.94,17.635,17.77,13.3688,2509900,0.0,1.0
1535,2014-07-01,17.79,17.97,17.77,17.772,13.3703,2274000,0.0,1.0
1536,2014-06-30,17.76,17.98,17.64,17.71,13.3237,2023700,0.0,1.0
1537,2014-06-27,17.61,17.91,17.61,17.84,13.4215,4649500,0.0,1.0
1538,2014-06-26,17.58,17.68,17.53,17.67,13.2936,931700,0.0,1.0
1539,2014-06-25,17.6,17.76,17.52,17.61,13.2485,5173500,0.0,1.0
1540,2014-06-24,17.66,17.76,17.58,17.655,13.2823,2609200,0.0,1.0
1541,2014-06-23,17.45,17.77,17.45,17.68,13.3011,4460000,0.0,1.0
1542,2014-06-20,17.28,17.53,17.15,17.46,13.1356,3907900,0.0,1.0
1543,2014-06-19,17.01,17.32,16.725,17.19,12.9325,3754000,0.0,1.0
1544,2014-06-18,16.76,17.12,16.69,17.06,12.8347,2268100,0.0,1.0
1545,2014-06-17,16.69,16.96,16.64,16.84,12.6692,1268800,0.0,1.0
1546,2014-06-16,16.66,16.89,16.6,16.78,12.624,804900,0.0,1.0
1547,2014-06-13,16.72,16.86,16.55,16.67,12.5413,1485600,0.0,1.0
1548,2014-06-12,16.81,16.9999,16.68,16.74,12.5939,2336400,0.0,1.0
1549,2014-06-11,16.73,16.97,16.73,16.88,12.6993,1857100,0.0,1.0
1550,2014-06-10,16.72,17.0,16.7,16.8,12.6391,3441800,0.0,1.0
1551,2014-06-09,16.61,16.81,16.37,16.81,12.6466,3169300,0.0,1.0
1552,2014-06-06,16.76,16.95,16.61,16.67,12.5413,1622700,0.0,1.0
1553,2014-06-05,16.03,16.68,15.9,16.67,12.5413,4582400,0.0,1.0
1554,2014-06-04,15.6,15.96,15.58,15.89,11.9545,3231500,0.15,1.0
1555,2014-06-03,16.6,16.6,15.74,15.83,11.798,3483500,0.0,1.0
1556,2014-06-02,15.84,15.94,15.79,15.81,11.7831,2986800,0.0,1.0
1557,2014-05-30,15.63,15.91,15.63,15.8,11.7756,5261300,0.0,1.0
1558,2014-05-29,15.73,15.82,15.53,15.68,11.6862,3463400,0.0,1.0
1559,2014-05-28,16.02,16.05,15.665,15.68,11.6862,4219100,0.0,1.0
1560,2014-05-27,16.09,16.34,15.79,15.98,11.9098,1726900,0.0,1.0
1561,2014-05-23,16.0,16.13,15.97,16.07,11.9768,2826400,0.0,1.0
1562,2014-05-22,15.84,16.04,15.8,15.97,11.9023,2128900,0.0,1.0
1563,2014-05-21,15.93,16.13,15.82,15.93,11.8725,1743600,0.0,1.0
1564,2014-05-20,16.1,16.165,15.82,15.94,11.8799,9754800,0.0,1.0
1565,2014-05-19,15.76,16.04,15.6638,16.02,11.9396,4532400,0.0,1.0
1566,2014-05-16,15.66,15.95,15.66,15.86,11.8203,2786900,0.0,1.0
1567,2014-05-15,15.66,16.0,15.59,15.74,11.7309,4919000,0.0,1.0
1568,2014-05-14,15.77,16.04,15.5,15.74,11.7309,4577500,0.0,1.0
1569,2014-05-13,15.78,16.13,15.78,15.85,11.8129,8292000,0.0,1.0
1570,2014-05-12,16.28,16.55,15.775,15.95,11.8874,6980100,0.0,1.0
1571,2014-05-09,16.3,16.51,16.03,16.28,12.1333,2797000,0.0,1.0
1572,2014-05-08,16.5,16.64,16.35,16.45,12.26,5668200,0.0,1.0
1573,2014-05-07,16.36,16.61,16.26,16.6,12.3718,5692900,0.0,1.0
1574,2014-05-06,16.69,16.8,16.25,16.34,12.1781,14309200,0.0,1.0
1575,2014-05-05,16.93,17.26,16.53,16.81,12.5283,3978400,0.0,1.0
1576,2014-05-02,17.01,17.3,16.87,16.95,12.6327,2995000,0.0,1.0
1577,2014-05-01,16.12,17.36,16.12,17.0,12.67,3650100,0.0,1.0
1578,2014-04-30,16.7,16.7,16.36,16.55,12.3346,26746200,0.0,1.0
1579,2014-04-29,16.62,16.88,16.45,16.68,12.4315,648500,0.0,1.0
1580,2014-04-28,16.93,16.93,16.38,16.67,12.424,1187900,0.0,1.0
1581,2014-04-25,16.9,16.92,16.32,16.89,12.588,1086500,0.0,1.0
1582,2014-04-24,16.85,16.86,16.45,16.63,12.3942,368900,0.0,1.0
1583,2014-04-23,16.81,16.85,16.71,16.78,12.506,1608900,0.0,1.0
1584,2014-04-22,16.63,17.0,16.63,16.8,12.5209,576700,0.0,1.0
1585,2014-04-21,16.97,17.37,16.33,16.82,12.5358,444300,0.0,1.0
1586,2014-04-17,15.0,17.38,15.0,16.99,12.6625,951100,0.0,1.0
